id,category,breed_name,origin,temperament,coat_care,ideal_weight_guide,key_strengths,potential_health_risks
dog-001,Dogs,Labrador Retriever,カナダのニューファンドランドでは、19 世紀にイギリスでスポーツ犬や回収犬としてさらに発展しました。,フレンドリーで、社交的で、エネルギーが高く、喜ばせることに熱心です。家族や子供連れに最適で、非常にトレーニングしやすいです。,短いダブルコートで、特に季節的に抜け毛が多くなります。ブラッシングは毎週、換毛期にはさらに行います。時々入浴。,男性: 29 ～ 36 kg (65 ～ 80 ポンド)。女性: 25 ～ 32 kg (55 ～ 70 ポンド)。,多用途な作業能力、強い回収本能、穏やかな気質、子供や他のペットとの相性が良い。,股関節および肘の形成不全、肥満、運動による虚脱、耳の感染症、進行性網膜萎縮。
dog-002,Dogs,German Shepherd,19世紀後半のドイツでは、もともと羊の群れと番をするために飼育されていました。,自信があり、知的で、忠実で、保護的です。しっかりとしたトレーニングと十分な精神的刺激が必要です。,抜け毛が多いミディアムレングスのダブルコート。週に 2 ～ 3 回、季節的な「吹き出し」の間は毎日ブラッシングしてください。,男性: 30 ～ 40 kg (66 ～ 88 ポンド)。女性: 22 ～ 32 kg (49 ～ 71 ポンド)。,訓練性、警察/奉仕活動の多用途性、強い保護本能、高い知能。,股関節および肘の形成不全、変性性脊髄症、膨満感（GDV）、膵外分泌機能不全。
dog-003,Dogs,Golden Retriever,19世紀半ばのスコットランドで、水鳥を回収するための銃猟犬として飼育されていた。,優しく、フレンドリーで、寛容で、非常に社交的です。素晴らしい家族犬であり、セラピー犬でもあります。,撥水性の長いダブルコートなので、週に2～3回のブラッシングと定期的な耳掃除が必要です。,男性: 29 ～ 34 kg (65 ～ 75 ポンド)。女性: 25 ～ 29 kg (55 ～ 65 ポンド)。,訓練能力、子供に対する忍耐力、強い回収意欲、治療/サービスの役割への適応性。,がん（特に血管肉腫とリンパ腫）、股関節/肘形成異常、大動脈弁膜下狭窄、甲状腺機能低下症。
dog-004,Dogs,French Bulldog,19世紀のフランスは、レース職人によって持ち込まれたイングリッシュ・ブルドッグから発展しました。,愛情深く、遊び好きで、順応性があり、比較的エネルギーが低い。アパート暮らしに最適です。,短く滑らかなシングルコートで、抜け毛が最小限に抑えられています。毎週の拭き掃除と顔の皮膚のひだへの注意。,男女とも 8 ～ 13 kg (17 ～ 28 ポンド)。,コンパクトなサイズ、少ない運動量、社交的で愛情深い性質、最低限の身だしなみ。,短頭種気道症候群、脊椎疾患（半脊椎）、皮膚ひだ皮膚炎、熱不耐症。
dog-005,Dogs,Standard Poodle,ドイツ（フランスで発展が著しい）、元々はウォーターレトリーバーでした。,非常に知的で、活動的で、人を喜ばせることに熱心で、気質はエレガントです。,密で縮れた低刺激性の被毛には、4～6週間ごとの専門的なグルーミングと毎日のブラッシングが必要です。,20 ～ 32 kg (45 ～ 70 ポンド)、身長によって異なります。,トレーニング性、低刺激性のコート、スポーツやサービス業での多用途性、長寿命。,アジソン病、胃拡張捻転（膨満）、股関節形成不全、進行性網膜萎縮症。
dog-006,Dogs,Beagle,イギリスは香りを使ったウサギ狩りのために発展し、そのルーツは古代ギリシャにまで遡ります。,好奇心旺盛で、フレンドリーで、陽気で、香りに動かされます。トレーニング中は頑固になる可能性があります。,短くて密な被毛は適度に抜けます。毎週のブラッシングで十分です。,男女とも9～11kg（20～25ポンド）。,卓越した香りの追跡、人や犬との社交性、コンパクトなサイズ、グルーミングの必要性の低さ。,肥満、甲状腺機能低下症、耳の感染症（耳が長いため）、椎間板疾患、てんかん。
dog-007,Dogs,Siberian Husky,シベリア北東部に生息し、チュクチ族によってそり犬として飼育されていました。,精力的、独立心があり、友好的で、放浪癖がありやすい。強力な封じ込めと運動が必要です。,厚いダブルコート、季節ごとの抜け毛が多い。週に2〜3回、コートブロー中に毎日ブラッシングしてください。,男性: 20 ～ 27 kg (45 ～ 60 ポンド)。女性: 16 ～ 23 kg (35 ～ 50 ポンド)。,持久力、耐寒性、群れでの社交性、そりや作業の役割における効率的なエネルギー使用。,股関節形成不全、進行性網膜萎縮、白内障、甲状腺機能低下症、亜鉛反応性皮膚症。
dog-008,Dogs,Chihuahua,古代テチチ犬の祖先を持つチワワ州にちなんで名付けられたメキシコ。,警戒心が強く、忠実で、時には勇敢で、多くの場合、1 人の相手と強い絆で結ばれます。,スムースまたはロングコートのバリエーション。スムースには毎週のブラッシングと、週に2〜3回のロングコートが必要です。,男女とも 1.5​​ ～ 3 kg (3 ～ 6 ポンド)。,アパートに最適な小型サイズ、長寿命、強力な番犬の警戒心、食事や運動の必要性が低い。,膝蓋骨脱臼、歯の密集、水頭症、気管虚脱、おもちゃサイズの低血糖。
dog-009,Dogs,Dachshund,17 世紀のドイツでは、アナグマやその他の穴を掘る動物を狩るために飼育されていました。,大胆で、好奇心旺盛で、頑固で遊び心があり、強い獲物への欲求を持っています。,滑らかな、ワイヤー状、または長い髪のバリエーション。スムースには最小限のケアが必要ですが、ワイヤー/ロングは毎週のブラッシングが必要です。,標準: 7 ～ 15 kg (16 ～ 32 ポンド)。ミニチュア: 5 kg (11 ポンド) 未満。,粘り強さ、強い穴掘り/狩猟本能、アパート生活への適応性、独特の忠誠心。,長い背骨、肥満、膝蓋骨脱臼、進行性網膜萎縮による椎間板疾患。
dog-010,Dogs,Border Collie,スコットランドとイングランドの国境地域で、羊の牧畜のために飼育されている。,非常に知的で、精力的で、集中力があり、反応が早い。継続的な精神的な取り組みが必要です。,ミディアムダブルコート、中程度から重度の抜け毛。週に2〜3回ブラッシングしてください。,男女とも 14 ～ 20 kg (30 ～ 45 ポンド)。,トップレベルの訓練性、群集本能、敏捷性パフォーマンス、問題解決能力。,コリーの目の異常、股関節形成不全、てんかん、運動誘発性の神経学的エピソード。
dog-011,Dogs,Rottweiler,ドイツはローマのドラバー犬の子孫であり、歴史的に牛を集めたり荷車を引いたりするために使用されていました。,自信があり、穏やかで、保護的で忠実なので、早期の社会化と体系的な訓練が必要です。,短くて密度の高いダブルコートで、適度な抜け毛が特徴です。毎週のブラッシング。,男性: 50-60 kg (110-132 ポンド)。女性: 35 ～ 48 kg (77 ～ 106 ポンド)。,守備能力、筋力とスタミナ、仕事の訓練のしやすさ、家族への深い忠誠心。,股関節および肘の異形成、骨肉腫、大動脈下狭窄、膨満感（GDV）。
dog-012,Dogs,Shih Tzu,チベット/中国で王族の愛玩犬として飼育されています。,愛情深く、社交的で、フレンドリーです。活発な活動よりも交友関係に適しています。,長くて流れるようなダブルコートなので、毎日のブラッシングか、毎月のトリミングによる短い「パピーカット」が必要です。,男女とも4～7kg（9～16ポンド）。,コンパクトなコンパニオンサイズ、最小限の運動要件、愛情深い気質、屋内での適応性。,短頭種気道の問題、眼潰瘍、歯の密集、股関節形成不全、門脈大循環シャント。
cat-001,Cats,Persian,ペルシャ (現在のイラン)、知られている中で最も古い猫の品種の 1 つ。,穏やかで、優しく、愛情深い。静かで予測可能な環境を好みます。,長くて密な被毛は、つや消しを防ぐために毎日のブラッシングが必要です。目の周りの定期的な洗顔。,男女とも 3.5 ～ 5.5 kg (8 ～ 12 ポンド)。,室内での穏やかな付き合い、活動性の低さ、扱いやすさ、印象的な外観。,多発性嚢胞腎、短頭種呼吸の問題、歯の不正咬合、涙管オーバーフロー。
cat-002,Cats,Maine Coon,アメリカ（メイン州）、北アメリカで最も古い自然品種のひとつ。,社交的で遊び心があり、穏やかで大柄な性格。子供や犬との相性が良い。,長く毛むくじゃらの耐水性の被毛。もつれを防ぐために週に2〜3回ブラッシングしてください。,オス: 5.9-8.2 kg (13-18 ポンド)。女性: 3.6 ～ 5.4 kg (8 ～ 12 ポンド)。,犬のような社交性、耐寒性、優れた狩猟本能、順応性のある気質を備えた大型の体格。,肥大型心筋症、股関節形成不全、脊髄性筋萎縮症、大きな体格による肥満。
cat-003,Cats,Siamese,タイ（旧シャム）、アジアで最も古くから認められている猫の品種のひとつ。,声が高く、知的で、社交的で、注目を集める傾向があります。飼い主と強い絆を結びます。,短くて上質な被毛で、抜け毛が最小限に抑えられています。毎週のブラッシングで十分です。,男女とも 2.5 ～ 5 kg (6 ～ 11 ポンド)。,高い知能、強い人間関係、少ない身だしなみ、遊び心のあるエネルギー。,進行性網膜萎縮、アミロイドーシス、呼吸器疾患、先天性心疾患、寄り目。
cat-004,Cats,British Shorthair,イギリス、ローマ時代にイギリスに持ち込まれた飼い猫の子孫。,おおらかで、独立心があり、愛情深いが、あまりしがみつくことはありません。一人の時間によく耐えます。,密度の高い豪華なショートコート。毎週のブラッシング、季節の換毛期にはさらにブラッシングを行ってください。,男女とも4～8kg（9～17ポンド）。,保守的な気質、孤独への耐性、頑丈な体格、子供の周りでは穏やかです。,肥大型心筋症、多発性嚢胞腎、肥満、血友病B（まれ）。
cat-005,Cats,Bengal,アメリカで、イエネコとアジアのヒョウネコを交配して開発されました。,非常に活動的で、好奇心旺盛で、運動能力があり、声が出しやすい。大幅な強化が必要です。,短くて密度の高い毛皮のような被毛で、抜け毛は最小限に抑えられています。毎週のブラッシング。,男女とも 3.5 ～ 7 kg (8 ～ 15 ポンド)。,高いエネルギーと敏捷性、独特のワイルドな模様の被毛、強い狩猟本能、遊び心のある魅力。,肥大型心筋症、進行性網膜萎縮、膝蓋骨脱臼、ベンガル特異的PK欠損症。
cat-006,Cats,Ragdoll,アメリカ（カリフォルニア州）で、1960年代に国内の長毛種の猫から開発されました。,従順で、愛情深く、リラックスしています。持つとぐったりすることで知られています (「ラグドール」効果)。,マットな傾向が最小限に抑えられたセミロングのシルキーな被毛。週に2回ブラッシングしてください。,オス: 6.8-9 kg (15-20 ポンド)。女性: 4.5 ～ 6.8 kg (10 ～ 15 ポンド)。,穏やかな扱いに寛容、強い家族の絆、穏やかな態度、子供たちとの付き合いが上手。,肥大型心筋症、膀胱結石、穏やかな生活習慣による肥満。
cat-007,Cats,Sphynx,カナダ、1960 年代に自然の無毛突然変異から開発されました。,エネルギッシュで、外向的で、注目を集めたがり、非常に社交的です。,毛のない、または上質なダウンコート。皮脂の蓄積を取り除くために週に一度の入浴、耳掃除、日焼け止めが必要です。,男女とも 3.5 ～ 5.5 kg (8 ～ 12 ポンド)。,低刺激性の皮膚（毛フケの広がりが少ない）、人間の強い絆、遊び心と社交性。,肥大型心筋症、皮膚過敏症/日焼け、温度過敏症、歯周病。
cat-008,Cats,Abyssinian,インド洋沿岸/東南アジア付近が原産と考えられており、エチオピア (アビシニア) を経由して広まりました。,活発で、好奇心旺盛で、知的で、とても遊び心があります。長期間の監禁を嫌う。,短い、カチカチの被毛で、抜け毛が最小限に抑えられています。毎週のブラッシング。,男女とも 3 ～ 5 kg (7 ～ 11 ポンド)。,高い活動性と機敏性、強い好奇心による関与、低いグルーミングの必要性。,進行性網膜萎縮、腎アミロイドーシス、ピルビン酸キナーゼ欠損症、歯肉炎。
cat-009,Cats,Scottish Fold,スコットランド。1960 年代に飼い猫の耳軟骨の自然突然変異から発症しました。,優しい性格、順応性、静かな声、そして愛情深い。,ショートまたはロングコートのバリエーション。短い被毛の場合は毎週、長い被毛の場合はより頻繁にブラッシングしてください。,男女とも 2.7 ～ 6 kg (6 ～ 13 ポンド)。,穏やかで順応性のある気質、特徴的な折れ耳の外観、家族連れに適しています。,骨軟骨異形成症（フォールド遺伝子に関連する軟骨/骨の異常）、関節炎、多発性嚢胞腎。
cat-010,Cats,Russian Blue,ロシア（アルハンゲリスク地域）、アルハンゲリスク港近くが起源と考えられています。,見知らぬ人に対しては控えめで、親しい人々に対しては深い忠誠心を持ち、穏やかで物静かです。,緻密で豪華なダブルコート。毎週のブラッシングで良好な状態を保ちます。,男女とも 3 ～ 5.5 kg (7 ～ 12 ポンド)。,抜け毛が少なく、緻密な被毛、静かな態度、日常生活に基づいた強い絆、丈夫さ。,食べ過ぎによる肥満、膀胱結石、進行性網膜萎縮症（まれ）。
bird-001,Birds,African Grey Parrot,西アフリカと中央アフリカの赤道直下の熱帯雨林。,非常に知的で感受性が高く、高度な音声模倣が可能です。一貫したルーチンが必要です。,羽毛のケア：毎日の霧吹きや入浴、定期的な羽繕いのサポート、羽毛の抜け毛を防ぐための湿度管理。,400～490g（14～17オンス）。,卓越した認知能力と言語能力、強い絆、長寿命（40～60歳）。,ストレス、カルシウム欠乏症、オウム病、アスペルギルス症（呼吸器真菌感染症）による羽のむしり。
bird-002,Birds,Cockatiel,オーストラリア、内陸部の乾燥地帯が原産。,愛情深く、社交的で、飼いならされやすい。口笛と交流を楽しんでいます。,羽のケア: 定期的な霧吹き/水浴び、必要に応じて翼のトリミング、冠羽からのほこりを管理します。,80〜100g（2.8〜3.5オンス）。,飼いならしやすく、扱いやすい、初心者に適した鳥、適度な騒音レベル、人間の絆が強い。,脂肪肝疾患、呼吸器感染症、夜驚症、羽毛嚢胞。
bird-003,Birds,Budgerigar (Budgie),オーストラリア、開けた草原や低木地に自生。,好奇心旺盛で遊び好きで社交的で、特につがいや小さな群れで行動します。,羽のケア：毎日軽い霧吹き、浅いお風呂へのアクセス、定期的なケージの羽の掃除。,30～40g（1～1.4オンス）。,狭いスペースにも置けるコンパクトなサイズ、群れの社交性が高く、言葉を学ぶことができ、飼育コストが低い。,腫瘍（年長のセキセイインコに比較的多い）、顔ダニ、肥満、オウム病。
bird-004,Birds,Blue-and-Gold Macaw,アマゾン盆地を含む熱帯南アメリカ。,大胆で、愛情深く、声が大きく、非常に知性があります。広くて豊かな空間が必要です。,羽の手入れ：毎日霧吹きやシャワーを浴び、自然な羽繕いを促し、退屈からの羽の抜け具合を監視します。,900～1300g（32～46オンス）。,強力な接着能力、優れた寿命 (30 ～ 50 年以上)、高い知性と訓練性。,前室拡張症（PDD）、羽の破壊行動、くちばしの不正咬合、肥満。
bird-005,Birds,Canary,カナリア諸島、アゾレス諸島、マデイラ島。,自立していて、抱きしめたりせず、身体的な交流よりも歌を重視します。,羽毛のケア: 週に数回、浅いお風呂に入る。最小限の取り扱いが必要です。,12～20g（0.4～0.7オンス）。,メロディックな鳴き声（オス）、必要なスペースが少なく、インタラクションのメンテナンスが少なく、鳴き鳥愛好家に適しています。,気嚢ダニ、鱗片脚ダニ、雌の結卵、種子の多い食事による肥満。
bird-006,Birds,Umbrella Cockatoo,インドネシア、低地の熱帯雨林に自生。,非常に愛情深く、注意を要求します。分離不安になりやすい。,羽毛のケア: 頻繁に霧吹きやシャワーを浴びて埃 (パウダーダウン) を管理し、毎日羽繕いをします。,400～650g（14～23オンス）。,深い感情的な絆、表現豊かなボディランゲージ、長寿命（40～60年）、印象的な紋章の表示。,不安による羽むしりと自傷行為、オウムのくちばしと羽の病気、肥満。
bird-007,Birds,Lovebird,サハラ以南のアフリカとマダガスカル。,愛情深く、精力的で、縄張り意識を持つこともあります。強いペアの絆を形成します。,羽の手入れ：毎日軽い霧吹き、浅い浴槽へのアクセス、定期的な爪とくちばしの監視。,40～60g（1.4～2.1オンス）。,強力なペア結合挙動、コンパクトなサイズ、鮮やかな色、遊び心のあるエネルギー。,クラミジア症（オウム病）、羽根むし、結卵、高脂肪種子食による肥満。
bird-008,Birds,Amazon Parrot (Yellow-headed),メキシコと中央アメリカ。,大胆で、自信があり、声が大きく、強い気分を表現することができます。経験豊富な取り扱いが必要です。,羽毛の手入れ: 定期的にシャワーや霧吹きをし、毛の抜け具合を監視し、自然な羽繕い行動を促します。,380～500g（13～18オンス）。,強い会話能力、長寿（50～70歳）、高い知能、強い個性の絆。,肥満および脂肪肝疾患、呼吸器感染症、羽毛破壊行動、ビタミン A 欠乏症。
rabbit-001,Rabbits,Holland Lop,ネザーランドは、1950年代にネザーランドドワーフとフレンチロップの交配から開発されました。,フレンドリーで、穏やかで、愛情深い。ハンドリングによく適応します。,短くて密な被毛には毎週のブラッシングが必要で、換毛期にはさらにブラッシングが必要です。,1.4 ～ 1.8 kg (3 ～ 4 ポンド)。,屋内用のコンパクトなサイズで、穏やかな性格で、監視下の子供たちにも適しています。,歯の不正咬合、耳の感染症（垂れ耳による）、肥満、胃腸のうっ滞。
rabbit-002,Rabbits,Netherland Dwarf,オランダでは、20世紀初頭に最小のウサギの品種の1つとして開発されました。,精力的で、気まぐれなところもあります。穏やかで忍耐強い社交性が必要です。,ショート丈のフライバックコート。週に一度のブラッシング、換毛期には週に2回。,0.5 ～ 1.1 kg (1.1 ～ 2.5 ポンド)。,非常に小さな設置面積、最小限の供給コスト、独特のコンパクトな外観。,歯の不正咬合（矮性犬種で顕著）、心臓の問題、胃腸のうっ滞。
rabbit-003,Rabbits,Flemish Giant,ベルギーのフランダース地方の歴史は16世紀にまで遡ります。,大きい体にもかかわらず、従順で優しく、扱いに寛容です。,短くて密な被毛。ブラッシングは毎週、体の大きさから抜け毛が多い時期にはより頻繁に行います。,6.5〜10kg（14〜22ポンド）。,穏やかな巨大犬の気質、監視された子供の良いパートナー、印象的な大きさ。,飛節の痛み（足皮膚炎）、肥満、サイズによる関節や骨格の歪み、熱過敏症。
rabbit-004,Rabbits,Rex Rabbit,20世紀初頭のフランス、豪華な毛皮を生み出す遺伝子の突然変異で有名。,穏やかで好奇心旺盛、そして基本的におおらかな性格。,短くて密なベルベットのような被毛。毛皮の質感を傷つけないように、毎週優しくブラッシングしてください。,3.2 ～ 4.5 kg (7 ～ 10 ポンド)。,独特のプラッシュコートの質感、穏やかな取り扱い耐性、ハウジングに適した適度なサイズ。,薄い足の毛皮、歯の不正咬合、耳ダニ、胃腸のうっ滞による飛節の痛み。
rabbit-005,Rabbits,Lionhead Rabbit,ベルギーで、1990 年代にたてがみ遺伝子の自然突然変異から発生しました。,遊び心があり、好奇心旺盛で、社交的です。交流を楽しんでいます。,頭の周りの長い毛皮の独特のたてがみ。マットを防ぐために毎日のブラッシングが必要です。,1.4 ～ 1.7 kg (3 ～ 3.75 ポンド)。,独特のたてがみの外観、コンパクトなサイズ、魅力的で遊び心のある性格。,ウールブロック（毛皮の摂取による消化管閉塞）、マット関連の皮膚の問題、歯の不正咬合。
rabbit-006,Rabbits,English Angora,トルコ（アンカラ地方）、羊毛の生産でイギリスに普及。,穏やかで穏やかですが、かなりの手入れと忍耐が必要です。,非常に長いウールの被毛なので、ひどい艶消しを防ぐために毎日のブラッシングと定期的なトリミング/剪断が必要です。,2.3 ～ 3.4 kg (5 ～ 7.5 ポンド)。,贅沢なウールの生産、穏やかな気質、独特のロングコートの外観。,ウールブロック、マットによる皮膚感染症、密な被毛による熱ストレス、歯の問題。
other-001,Others,Guinea Pig (Cavy),数千年前に先住民族によって家畜化された南米のアンデス地方。,社交的で、優しく、声が大きい。他のモルモットと交友関係を持ちながら成長します。,短毛種の場合は毎週のブラッシングが必要です。長毛種（ペルー人など）は毎日のグルーミングが必要です。,0.7 ～ 1.2 kg (1.5 ～ 2.6 ポンド)。,従順で扱いやすく、人間や他のモルモットとの強い社会的絆、低騒音レベル。,壊血病（ビタミンC欠乏症）、歯の不正咬合、呼吸器感染症、バンブルフット。
other-002,Others,Syrian Hamster,シリアとトルコ南部の乾燥地帯。,単独で行動し、他のハムスターと縄張り意識を持ちます。一般的に人間の個別の扱いには従順です。,短い被毛には最小限のブラッシングが必要です。セルフグルーミング用のダストバスを提供します。,113～170g（4～6オンス）。,必要なスペースが少なく、個別のケアが容易で、夜のエンターテイメントとしての価値があり、コストが低い。,ウェットテール病、歯の異常成長、呼吸器感染症、肥満。
other-003,Others,Ferret,"おそらく 2,000 年以上前に地中海地域でヨーロッパのケナガイタチから家畜化されました。",遊び心があり、好奇心旺盛で、エネルギッシュで、いたずら好きです。監視されたフリーローミング時間が必要です。,短くて密な被毛は季節ごとに抜け毛が見られます。毎週のブラッシングと定期的な入浴（皮脂を保つため、過度にしないでください）。,体重は 0.7 ～ 2 kg (1.5 ～ 4.5 ポンド)、通常オスの方がメスよりも大きくなります。,高い遊び心と訓練性、強い人間関係、楽しい問題解決行動。,インスリノーマ（膵臓腫瘍）、副腎疾患、リンパ腫、消化管異物閉塞。
other-004,Others,Bearded Dragon,オーストラリアの乾燥した森林と砂漠。,穏やかで従順で、穏やかな扱いに一般的に寛容です。昼行性かつインタラクティブ。,皮膚/鱗のケア: 健康的な脱皮には適切な UVB 照明が必要です。時々ぬるめのお風呂に入ると抜け毛の除去に役立ちます。,大人の場合は 300 ～ 600 g (10.5 ～ 21 オンス)。,穏やかでインタラクティブな気質、扱いやすいサイズ、人間の活動に合わせた日内スケジュール、表現力豊かな行動。,代謝性骨疾患（不十分な UVB/カルシウムによる）、宿便、寄生虫、呼吸器感染症。
other-005,Others,Leopard Gecko,アフガニスタン、パキスタン、イラン、インドの岩だらけの乾燥地帯。,従順で、手入れの手間がかからず、軽い扱いにも一般的に耐えられます。,スキンケア：定期的に脱皮します。湿気の多い皮を提供して、脱皮を容易にし、脱落の保持を防ぎます。,大人の場合は 45 ～ 90 g (1.6 ～ 3.2 オンス)。,スペースとメンテナンスの必要性が低く、性格は従順で、寿命が長く（15〜20年）、爬虫類の初心者に適しています。,代謝性骨疾患、抜け毛の残存（特につま先/尾端）、宿便、尾関連の脂肪蓄積の問題。
other-006,Others,Hedgehog (African Pygmy),アフリカ種の雑種で、米国でペットとして人気があります。,最初は孤独で恥ずかしがり屋ですが、一貫して社交化することで穏やかな扱いに寛容になることができます。,クイル (加工毛) のケア: 最小限のブラッシングが必要です。皮膚と羽根ペンを清潔に保つために、時々ぬるめのお風呂に入ります。,大人の場合は 300 ～ 600 g (10.5 ～ 21 オンス)。,必要なスペースが少なく、静かで低臭、独特の防御的な羽ペンの動作、単独でのケアの容易さ。,ぐらつきハリネズミ症候群（神経系）、肥満、ダニの寄生、歯科疾患。
dog-013,Dogs,Boxer,19世紀後半のドイツの狩猟犬ブレンバイサーの子孫です。,遊び好きで、精力的で、忠実で、子供たちに対して忍耐強く接します。子犬のような熱意を大人になっても保ちます。,短く滑らかな被毛で、抜け毛が最小限に抑えられています。毎週の拭き取りまたはブラッシング。,男性: 27 ～ 32 kg (60 ～ 70 ポンド)。女性: 25 ～ 29 kg (55 ～ 65 ポンド)。,強い防衛本能、活発な家族のための高いエネルギー、しつけのしやすさ、愛情深い性質。,肥大型心筋症、股関節形成不全、むくみ（GDV）、短頭種の呼吸の問題、がんの素因。
dog-014,Dogs,Doberman Pinscher,19世紀後半のドイツで、カール・フリードリヒ・ルイス・ドーベルマンによって個人の保護犬として開発されました。,警戒心が強く、忠実で、知的で、恐れを知らない。しっかりとした早期の訓練と社会化が必要です。,短く滑らかなシングルコート。毎週のブラッシング、最小限のグルーミング。,男性: 34 ～ 45 kg (75 ～ 100 ポンド)。女性: 27 ～ 41 kg (60 ～ 90 ポンド)。,優れた番犬および使役犬、高い訓練能力、運動能力、強い忠誠心。,拡張型心筋症、フォン・ヴィレブランド病、股関節形成不全、ワブラー症候群（頸椎の不安定性）。
dog-015,Dogs,Great Dane,ドイツで、イノシシ狩りのためにマスティフとグレイハウンドタイプの犬から開発されました。,優しく、フレンドリーで、愛情深い「優しい巨人」。印象的なサイズにもかかわらず、家族連れに適しています。,短く滑らかな被毛で、軽い抜け毛が特徴です。毎週のブラッシング。,男性: 54 ～ 90 kg (120 ～ 200 ポンド)。女性: 45 ～ 59 kg (100 ～ 130 ポンド)。,穏やかな巨人族の気質、番犬としての存在感が良く、社交的には子供にも優しい。,膨満感（GDV、胸が深いためリスクが高い）、股関節形成不全、拡張型心筋症、骨がん、寿命の短縮。
dog-016,Dogs,Yorkshire Terrier,19世紀のイギリス（ヨークシャー）では、元々は繊維工場でネズミを捕まえるために品種改良されました。,大胆で、自信があり、愛情深く、時には大型犬のような態度で勇敢です。,長くて絹のような人毛のような被毛は、毎日のブラッシングが必要です。短い「パピーカット」で飼われることがよくあります。,男女とも 2 ～ 3.2 kg (4 ～ 7 ポンド)。,アパートに適したコンパクトなサイズ、低刺激性の毛並み、強い個性と忠誠心。,気管虚脱、膝蓋骨脱臼、歯の密集、門脈大循環性肝シャント、低血糖。
dog-017,Dogs,Dalmatian,クロアチア (ダルマチア地方) では、歴史的に馬車の護衛犬として使用されていました。,精力的で、社交的で、忠実です。毎日の十分な運動と精神的刺激が必要です。,短くて密な被毛は一年中抜けます。抜け毛を管理するために週に2〜3回ブラッシングしてください。,男女とも 20 ～ 32 kg (45 ～ 70 ポンド)。,高い耐久性とスタミナ、特徴的なまだら模様の被毛、活動的な世帯との強い絆。,先天性難聴、尿路・腎臓結石（尿酸結石）、股関節形成不全、皮膚アレルギー。
dog-018,Dogs,Cavalier King Charles Spaniel,イギリスでは、20世紀に王室の愛玩犬として古いトイ・スパニエルから発展しました。,愛情深く、優しく、喜ばせることに熱心で、ほとんどの家庭に適応します。,ミディアムレングスのシルキーコート。週に 2 ～ 3 回ブラシをかけて、耳の毛羽立ちに特に注意してください。,男女とも5.4～8.2kg（12～18ポンド）。,優れた仲間気質、アパートや家族の生活への適応性、子供たちに対して優しい。,僧帽弁疾患、脊髄空洞症、股関節形成不全、長い耳による耳の感染症。
dog-019,Dogs,Australian Shepherd,アメリカという名前にもかかわらず、アメリカ西部の牧場主によって牧畜のために開発されました。,知的で、精力的で、非常に訓練しやすい。仕事や一貫した精神的な取り組みが必要です。,中程度の長さのダブルコートで、中程度から重度の抜け毛が見られます。週に2〜3回ブラッシングしてください。,男性: 25 ～ 32 kg (55 ～ 70 ポンド)。女性: 16 ～ 25 kg (35 ～ 55 ポンド)。,卓越した牧畜能力と敏捷性、訓練のしやすさ、ドッグスポーツにおける多用途性、強力な労働意欲。,股関節形成不全、コリー眼異常、てんかん、MDR1薬剤感受性遺伝子変異。
dog-020,Dogs,Bernese Mountain Dog,スイスアルプスは、スイスの農家によって農場犬および徴用犬として飼育されました。,穏やかで愛情深く、穏やかで家族思いの優しい性格。,長くて厚いダブルコートで、抜け毛が多い。週に2〜3回、換毛期には毎日ブラッシングしてください。,男性: 38 ～ 50 kg (84 ～ 110 ポンド)。女性: 36 ～ 45 kg (79 ～ 99 ポンド)。,穏やかな巨人の気質、強い家族の絆、耐寒性、優れた作業/ドラフト能力。,癌（特に組織球性肉腫）、股関節および肘の異形成、膨満、平均寿命の短縮（7〜9歳）。
dog-021,Dogs,Cocker Spaniel,イギリス/アメリカ、ヤマシギを洗い流すための銃猟犬として開発されました。,優しく、愛情深く、喜ばせることに熱心で、家族に対しても社交的です。,ミディアムレングスの絹のような被毛には、週に3～4回のブラッシングと定期的なプロによるトリミングが必要です。,オス: 12-16 kg (26-34 ポンド)。女性: 11 ～ 14.5 kg (24 ～ 32 ポンド)。,優れた家族連れ、しつけのしやすさ、子供との付き合いが良好、適度な運動の必要性。,長い耳による耳の感染症、進行性網膜萎縮症、股関節形成不全、脂漏症（皮膚の状態）。
dog-022,Dogs,Pug,チャイナ犬は最古の犬種のひとつで、中国皇帝の伴侶として飼育されてきました。,魅力的で、愛情深く、社交的で、エネルギーが低い。交友関係で成長します。,短く滑らかな被毛で、抜け毛が目立ちます。毎週のブラッシングと顔のしわの定期的なクリーニング。,男女とも6.3～8.2kg（14～18ポンド）。,優れたアパートの仲間、運動量の少なさ、愛情深く、気楽な性格。,短頭種気道症候群、肥満、皮膚ひだ皮膚炎、眼球突出、半脊椎。
dog-023,Dogs,Shiba Inu,日本最古の在来犬種のひとつで、元々は小型の獲物を狩るために使われていました。,独立心があり、警戒心が強く、大胆で、どこか猫のような孤高の性格。意志の強い。,厚いダブルコートで、季節ごとに抜け毛が多くなります。週に2〜3回、コートブロー中に毎日ブラッシングしてください。,オス: 10 ～ 13 kg (22 ～ 29 ポンド)。女性: 8 ～ 11 kg (17 ～ 24 ポンド)。,コンパクトなサイズ、低臭、清潔（身だしなみ習慣）、強い自立作業意欲。,股関節および膝蓋骨脱臼、アレルギー、緑内障、進行性網膜萎縮症。
dog-024,Dogs,Bull Terrier,19 世紀のイギリスでは、スポーツと交友関係のためにブルドッグとテリアの交配から発展しました。,遊び心があり、いたずら好きで、意志が強く、愛情深く、卵型の頭の特徴的な外観を持っています。,毛づくろいは最小限で済み、短くフラットな被毛。毎週のブラッシング。,男女とも 22 ～ 38 kg (50 ～ 85 ポンド)。,強い体格と回復力、遊び心のあるエネルギッシュな性格、独特の外観と忠誠心。,難聴（白毛の色と関係がある）、心臓病、腎臓病、皮膚アレルギー、強迫的な尻尾追い。
dog-025,Dogs,Newfoundland,カナダのニューファンドランドで、水難救助に熟練した漁師の使役犬として飼育されています。,優しく、忍耐強く、そして優しい。子供に対して穏やかな性格のため、「乳母犬」として知られています。,厚くて耐水性のあるダブルコートで、抜け毛が多い。週に2〜3回ブラッシングしてください。,男性: 60-70 kg (130-150 ポンド)。女性: 45 ～ 54 kg (100 ～ 120 ポンド)。,優れた水泳能力と水難救助能力、穏やかな巨人の気質、攻撃性のない強い保護本能。,股関節および肘の形成不全、弁下大動脈狭窄、膨満感、シスチン尿（遺伝性腎結石の状態）。
dog-026,Dogs,Pembroke Welsh Corgi,"1,000年以上前に牛の飼育のために飼育されていたウェールズ。",知的でエネルギッシュ、愛情深く、小柄ながら大胆な性格。,抜け毛が多いミディアムダブルコート。週に2〜3回ブラッシングしてください。,男性: 最大 13.6 kg (30 ポンド)。女性: 最大 11.8 kg (26 ポンド)。,小さなパッケージで優れた群れの本能、高い訓練性、家族生活への適応性。,長い背骨、股関節形成不全、肥満、変性性脊髄症による椎間板疾患。
cat-011,Cats,Norwegian Forest Cat,ノルウェー、スカンジナビアの寒い気候に適応した自然品種。,独立心があり、穏やかで、優れた登山者。孤独と家族との交流の両方を楽しんでいます。,長くて厚い、耐水性のダブルコート。週に2〜3回ブラシをかけてください。春の換毛期にはさらにブラッシングしてください。,オス: 5.5 ～ 9 kg (12 ～ 20 ポンド)。女性: 3.6 ～ 5.5 kg (8 ～ 12 ポンド)。,寒冷地への耐久性、高い登攀機敏性、穏やかで順応性のある気質。,肥大型心筋症、グリコーゲン貯蔵疾患 IV、股関節形成不全。
cat-012,Cats,Devon Rex,イングランド（デボン）、1960年代、自然なカーリーコートの突然変異から。,遊び好きで、いたずら好きで、社交性が高く、犬のように人に懐きます。,短くウェーブのかかった上質な被毛。最小限のブラッシングは必要ですが、被毛が薄いため定期的な皮脂管理が必要です。,男女とも 2.5 ～ 4 kg (6 ～ 9 ポンド)。,抜け毛が少なく、遊び心とインタラクティブな性格、強い人間関係、コンパクトなサイズ。,肥大型心筋症、遺伝性筋症、膝蓋骨脱臼、皮膚過敏症。
cat-013,Cats,Burmese,ミャンマー（ビルマ）は、20世紀にアメリカやイギリスでさらに発展しました。,愛情深く、社交的で、遊び心があり、声が大きいですが、シャムよりも柔らかい声です。,短く光沢のある単層被毛。毎週のブラッシングで輝きを保ちます。,男女とも 3.6 ～ 5.4 kg (8 ～ 12 ポンド)。,人間への愛着が強く、身だしなみの必要性が低く、大人になっても遊び心があります。,糖尿病素因、頭蓋変形（一部の系統）、低カリウム血症、猫口腔顔面痛症候群。
cat-014,Cats,Turkish Angora,トルコ (アンカラ地方)、最も古い自然の猫の品種の 1 つ。,知的で、エネルギッシュで、愛情深い。インタラクティブな遊びと水を楽しみます。,マットな傾向を最小限に抑えた、長くシルキーな単層被毛。週に2回ブラッシングしてください。,男女とも 2.5 ～ 5 kg (5.5 ～ 11 ポンド)。,エレガントで艶のないコート、高い知性、遊び心と社交性。,遺伝性難聴（白衣/青い目に関連）、肥大型心筋症、運動失調（まれ）。
cat-015,Cats,Himalayan,米国/英国、ペルシャとシャムを交配することによって 20 世紀半ばに発展しました。,穏やかで優しく、愛情深く、ペルシャの穏やかさと穏やかなシャムの声質を兼ね備えています。,長くて密な被毛は、つや消しを防ぐために毎日のブラッシングが必要です。定期的な目の周りのクリーニング。,男女とも 3.2 ～ 5.5 kg (7 ～ 12 ポンド)。,穏やかな室内気質、印象的なカラーポイントの外観、愛情深い膝猫の性質。,多発性嚢胞腎、短頭種呼吸の問題、進行性網膜萎縮。
cat-016,Cats,Oriental Shorthair,英国で、シャムの品種改良系統から発展し、さまざまな色や模様が作られました。,非常に声が高く、社交的で、知的で、交流を要求します。,短くて上質な被毛で、抜け毛が最小限に抑えられています。毎週のブラッシング。,男女とも 2.5 ～ 5 kg (6 ～ 11 ポンド)。,高い知性と訓練性、強い人間の絆、低い身だしなみの必要性。,進行性網膜萎縮、アミロイドーシス、歯科疾患、呼吸器過敏症。
cat-017,Cats,American Shorthair,米国、入植者によって持ち込まれた初期のヨーロッパの飼い猫の子孫。,おおらかで順応性があり、適度に独立しています。オールラウンドな家庭猫。,短くて密な被毛。毎週のブラッシング、季節の換毛期にはさらにブラッシングを行ってください。,男女とも 3.2 ～ 6.8 kg (7 ～ 15 ポンド)。,丈夫な体質、手入れの手間がかからない毛づくろい、順応性があり、気質も均一です。,肥大型心筋症、肥満、多発性嚢胞腎（ペルシャ人ほど一般的ではありません）。
cat-018,Cats,Manx,マン島は、自然発生的な遺伝子突然変異により尾がないことで知られる自然品種です。,遊び心があり、忠実で、犬のようで、多くの場合、1 つの家族と強い絆を形成します。,ショートまたはロングコートのバリエーション。毎週のブラッシング、長髪タイプの場合はさらに。,男女とも 3.6 ～ 5.5 kg (8 ～ 12 ポンド)。,強い狩猟本能、忠実な仲間関係、特徴的な尾のないまたは切り尾のある外観。,マンクス症候群（脊髄/脊椎の異常）、関節炎、便秘、腸の問題。
cat-019,Cats,Birman,ミャンマー/フランス、神聖な寺猫の伝説に関連し、フランスで標準化されました。,優しく、愛情深く、穏やか。過度に要求することなく社交的。,艶消し傾向の少ないセミロングのシルキーな被毛。週に2回ブラッシングしてください。,男女とも 3.2 ～ 5.4 kg (7 ～ 12 ポンド)。,艶の少ないセミロングコートで、穏やかな性格で、子供や他のペットとの相性も良好です。,肥大型心筋症、先天性貧毛症（まれ）、腎臓の問題。
cat-020,Cats,Tonkinese,カナダ、シャムとビルマの品種を交配して開発されました。,遊び心があり、社交的で、声が大きく、シャムのエネルギーとビルマの愛情が融合しています。,短くてぴったりと横たわる被毛。毎週のブラッシング。,男女とも 2.5 ～ 5.4 kg (6 ～ 12 ポンド)。,非常にインタラクティブな性格、強い人間関係、適度なメンテナンスの手間がかからない被毛。,進行性網膜萎縮、歯科疾患、呼吸過敏症、アミロイドーシス（まれ）。
cat-021,Cats,Egyptian Mau,エジプトは、自然に生息する最も古い斑点猫の品種の 1 つで、そのイメージは古代エジプトに遡ります。,運動神経が良く、警戒心が強く、忠実で、知らない人に対しては遠慮がちですが、家族に対しては愛情深いです。,短くて密な、自然な斑点のある被毛。毎週のブラッシング。,男女とも 2.5 ～ 5 kg (5.5 ～ 11 ポンド)。,並外れたスピードと敏捷性 (最も速いイエネコの 1 つ)、天然のまだら模様の被毛、馴染みのある人々との強い絆。,肥大型心筋症、膝蓋骨脱臼、麻酔過敏症。
bird-009,Birds,Sun Conure,南アメリカ北東部 (ベネズエラ、ブラジル、ガイアナ)。,遊び心があり、愛情深く、とても騒々しいです。重要な社会的交流が必要です。,羽毛のケア：毎日の霧吹きやシャワーで鮮やかな羽毛を健康に保ち、羽毛の摘み取りを監視します。,100～120g（3.5～4.2オンス）。,鮮やかな色彩、強い社会的絆、遊び心のあるアクロバティックな行動。,ストレスや退屈による羽むしり、オウム病、くちばしの不正咬合、ビタミンA欠乏症。
bird-010,Birds,Eclectus Parrot,ニューギニア、ソロモン諸島、オーストラリア北東部。,穏やかで穏やかで、多くのオウムよりも噛みつきにくい。女性は男性よりも自己主張が強いことがあります。,羽毛のケア: 頻繁に霧吹き/シャワーを浴び、高湿度を好みます。羽毛を損傷する行為を監視します。,380～550g（13～19オンス）。,顕著な性的二形性の色、穏やかな態度、強力な言葉の模倣能力。,つま先たたき/羽振り症候群、羽根むしり、食事の不均衡に対する過敏症、高脂肪食による肥満。
bird-011,Birds,Quaker Parrot (Monk Parakeet),温帯および亜熱帯の南アメリカ (アルゼンチン、ブラジル、ウルグアイ)。,知的で社交的でおしゃべり。ケージ/巣のエリアを縄張りにすることができます。,フェザーケア: 定期的な霧吹き/入浴、標準的な羽繕いサポート。,100～140g（3.5～5オンス）。,優れた会話能力、高い知能、顕著な社会性/巣作り行動、丈夫な体質。,脂肪肝疾患、羽毛むしり、ストレスによる自傷行為、呼吸器感染症。
bird-012,Birds,Indian Ringneck Parakeet,南アジアとサハラ以南のアフリカ、広く分布する自生地。,知的で豊富な語彙力があるが、思春期には扱いにくいこともある。,羽毛のケア: 羽毛の光沢を維持するために、毎日の霧吹きまたは定期的な入浴を行ってください。,100～150g（3.5～5.3オンス）。,優れた会話能力、鮮やかな発色、長寿命（25～30年）。,オウムのくちばしと羽の病気、肥満、羽のむしり取り、呼吸器感染症。
bird-013,Birds,Zebra Finch,中央オーストラリアとインドネシアの一部。,社交的で活動的で、ペアまたは小さな群れで飼うのが最適です。通常は手飼いではありません。,羽毛のケア: 週に数回、浅いお風呂に入る。最小限の直接処理が必要です。,10～15g（0.35～0.5オンス）。,少ないスペース要件、最小限の騒音、容易な繁殖と群れの行動、低コストの飼育。,気嚢ダニ、鱗片脚ダニ、雌の結卵、種子の多い食事による肥満。
bird-014,Birds,Domestic Pigeon,野生のカワラバトの子孫で、数千年前に地中海から中東にかけて家畜化されました。,穏やかで従順で、ホーミングやショーの目的で非常に訓練しやすい。,羽毛のケア: 浅いお風呂の水に定期的にアクセスします。修繕はほとんどが自己管理です。,300～500g（10.5～17.6オンス）。,強い帰巣本能、丈夫でメンテナンスの手間がかからず、長年にわたるしつけのしやすさ。,かいよう病（トリコモナス症）、パラミクソウイルス、外部寄生虫（シラミ/ダニ）、呼吸器感染症。
bird-015,Birds,Pacific Parrotlet,エクアドル西部とペルー。,小さいサイズにもかかわらず、大胆で元気いっぱい。縄張り意識が強いですが、飼い主との絆は強いです。,フェザーケア: 毎日軽い霧吹き、浅めのバスディッシュへのアクセス。,28～34g（1～1.2オンス）。,小さな居住スペースに適したコンパクトなサイズ、大きなオウムのような性格、一対一の強い絆。,羽毛摘み、肥満、メスの結卵、呼吸器感染症。
bird-016,Birds,Black-headed Caique,ブラジル、ペルー、コロンビア、エクアドルのアマゾン盆地。,非常に遊び心があり、エネルギーが高く、道化師のようです。十分な肉体的および精神的な刺激が必要です。,フェザーケア: 頻繁に霧吹きやシャワーを浴びて、活動レベルと皮膚の健康をサポートします。,150～170g（5.3～6オンス）。,非常に面白いアクロバティックな動作、強い絆、独特の遊び心のある性格。,刺激不足による羽むしり、肥満、前室拡張症。
bird-017,Birds,Hyacinth Macaw,南米中東部、主にブラジル。,大きな体にもかかわらず優しくて愛情深い。コンゴウインコの中でも「優しい巨人」と言われています。,羽のケア: 毎日の霧吹き/シャワー。チュアブルエンリッチメントによる強力なくちばしのコンディショニングが必要です。,1200～1700g（42～60オンス）。,飛ぶオウムの中で最大の種、その大きさの割に穏やかな気質、強い人間の絆、印象的なコバルト色の羽。,前室拡張症、ビタミン/ミネラル欠乏症（特にカルシウム）、肥満、くちばしの不正咬合。
bird-018,Birds,Green-cheeked Conure,ボリビア、パラグアイ、アルゼンチンなどの南米。,愛情深く、遊び好きで、他のコニュア種よりも一般的に静かです。,羽毛のケア: 毎日軽い霧吹き、浅いお風呂へのアクセス。,60～80g（2.1～2.8オンス）。,他のオウムに比べて鳴き声が静かで、体がコンパクトで、一対一の絆が強い。,羽むしり、オウム病、くちばしの不正咬合、種子の多い食事による肥満。
rabbit-007,Rabbits,Mini Rex,米国で、1980 年代に標準的なレックスウサギから小型サイズ向けに開発されました。,穏やかでフレンドリーで扱いやすい。ペットやショーの品種として人気があります。,短くて密なベルベットのような被毛。毎週の優しいブラッシング。,1.4 ～ 2 kg (3 ～ 4.5 ポンド)。,ぬいぐるみで覆われたコンパクトなコンパニオン、穏やかな気質、屋内飼育に扱いやすいサイズ。,飛節の痛み、歯の不正咬合、胃腸のうっ滞、耳ダニ。
rabbit-008,Rabbits,Dutch Rabbit,オランダ (名前にもかかわらず、オランダから輸入されたものをイギリスで開発および標準化したものです)。,人懐っこく、穏やかで、最も穏やかな性格のウサギの品種の一つです。,ショート丈のフライバックコート。週に一度のブラッシング、換毛期には週に2回。,1.6 ～ 2.5 kg (3.5 ～ 5.5 ポンド)。,特徴的な縞模様のコート、穏やかな気質、子供に適した適度なサイズ。,未避妊女性における歯の不正咬合、胃腸うっ滞、肥満、子宮がん。
rabbit-009,Rabbits,Californian Rabbit,米国 (カリフォルニア州)、1920 年代に肉と毛皮の生産のために発展しました。,従順で穏やかなので、基本的に扱いやすいです。,短くて密な被毛。毎週のブラッシング。,3.6 ～ 4.75 kg (8 ～ 10.5 ポンド)。,穏やかなハンドリング耐性、頑丈な構造、コンパニオンとショーの両方の目的に適しています。,飛節の痛み、肥満、歯の不正咬合、胃腸のうっ滞。
rabbit-010,Rabbits,American Rabbit,20 世紀初頭に発展した米国は、歴史的に毛皮と肉を目的として飼育されてきました。,穏やかで穏やかな性格で、物静かでのんびりした性格の傾向があります。,短くて密な被毛。毎週のブラッシング。,4～4.5kg（9～10ポンド）。,穏やかな気質、丈夫な体質、独特のしっかりとした青または白の毛皮。,飛節の痛み、胃腸のうっ滞、歯の不正咬合、肥満。
rabbit-011,Rabbits,Himalayan Rabbit,不確実だが、おそらくアジア。認識されている最も古いウサギの品種の1つ。,優しく、物静かで、従順です。最も穏やかな犬種の一つと考えられています。,短くて上質な被毛。毎週のブラッシング。,1.1 ～ 2 kg (2.5 ～ 4.5 ポンド)。,非常に従順で扱いやすく、特徴的なカラーポイントのマーキングがあり、扱いやすい小さなサイズです。,歯の不正咬合、胃腸のうっ滞、飛節の痛み、熱過敏症。
rabbit-012,Rabbits,Harlequin Rabbit,19 世紀後半のフランス。独特のブリンドル/パッチワーク コートのカラーリングで知られています。,一部の穏やかな品種と比較して、活動的で好奇心旺盛で社交的です。,短くて密な被毛。毎週のブラッシング。,3～4kg (6.5～9ポンド)。,印象的なマルチカラーのパターン、エネルギッシュで魅力的な個性、適度なサイズ。,胃腸のうっ滞、歯の不正咬合、飛節の痛み、肥満。
rabbit-013,Rabbits,Silver Fox Rabbit,米国 (オハイオ州) は 20 世紀初頭に発展し、歴史的に毛皮のために飼育されてきました。,従順で穏やかで、他の種類のウサギよりも抱っこされるのが好きなことで知られています。,シルバー効果のある緻密な立ち毛。毎週、換毛期にはもっとブラシをかけてください。,4.5 ～ 5.5 kg (10 ～ 12 ポンド)。,珍しい直立した毛皮の質感、穏やかで扱いやすい気質、交友に適したサイズ。,飛節の痛み、胃腸のうっ滞、歯の不正咬合、大きな体格による肥満。
rabbit-014,Rabbits,Britannia Petite,イギリス、最小の家畜ウサギの 1 つであるイングリッシュ シルバー ラビットから発展しました。,精力的で警戒心があり、気まぐれなところもあります。 「際どい」活発な気質を持っていると説明されています。,短くて上質な被毛。毎週のブラッシング。,0.9 ～ 1.1 kg (2 ～ 2.5 ポンド)。,非常に小さいサイズ、低飼料、活発でエネルギッシュな性格。,歯の不正咬合、胃腸のうっ滞、心臓の問題、体が小さいことによる脆弱性。
other-007,Others,Chinchilla,南米のアンデス山脈（チリ、ペルー、ボリビア、アルゼンチン）。,好奇心が強く、活動的で、大きな音に対しては臆病です。主に夜行性。,非常に密度の高い毛皮のため、マット化を防ぎ皮膚の健康を維持するには、定期的なダストバス（水ではなく）が必要です。,0.4 ～ 0.8 kg (14 ～ 28 オンス)。,非常に柔らかい高密度の被毛、長寿命 (10 ～ 20 年)、臭いの少ない糞、夜間の活動を促進します。,歯の不正咬合、胃腸のうっ滞、毛皮リング（男性の場合は陰茎の毛皮の閉じ込め）、熱中症。
other-008,Others,Fancy Rat,野生のドブネズミから家畜化され、19世紀のイギリスから組織的な繁殖が始まりました。,知的で社交的で愛情深い。他のネズミと共生して繁栄します。,被毛は短く、手入れは最小限で済みます。ネズミは頻繁に毛づくろいをします。,男性: 450-650 g (16-23 オンス)。女性: 250-350 g (9-12 オンス)。,高い知能と訓練可能性、強い人間関係、低いスペースとコストの要件。,乳腺腫瘍（特に避妊していない女性）、呼吸器感染症（マイコプラズマ）、肥満。
other-009,Others,Gerbil,モンゴルと中国北部の乾燥地帯。,好奇心旺盛で、活動的で、社交的です。同性ペアまたは小さなグループで飼うのが最善です。,ショートコートなので手入れは最小限で済みます。セルフグルーミング用の砂風呂を提供します。,60～130g（2～4.5オンス）。,砂漠に適応して水の必要性が低いため臭気が少なく、活発な穴掘り行動があり、低コストで簡単に世話ができます。,てんかん発作（一部の行ではストレスによって引き起こされる）、尾の手袋をはがす損傷、歯の過剰成長、肥満。
other-010,Others,Degu,チリ中部、マトルラルの低木地帯と山岳地帯に自生。,非常に社交的で、昼行性で、声が大きい。集合住宅と大規模な設備が必要です。,短くて密な被毛。被毛の健康を維持するには、チンチラと同様に定期的な砂浴びが必要です。,170～300g（6～10.5オンス）。,人間の活動に合わせた日内スケジュール、強力な社会的知性、魅力的な音声コミュニケーション。,糖尿病（糖分に非常に敏感）、歯の不正咬合、白内障、尾の手袋を外した傷害。
other-011,Others,Sugar Glider,オーストラリア、インドネシア、パプアニューギニアのユーカリ林に自生。,社交的で夜行性で、飼い主との絆が深い。孤独にされると苦痛を感じやすくなります。,毛皮は柔らかいため、手入れは最小限で済みます。セルフグルーミングは典型的であり、時折穏やかなブラッシングを行います。,100～160g（3.5～5.6オンス）。,独特の滑走能力、強い社会的絆（飼い主との袋運び行動）、長寿命（10～15年）。,カルシウムの少ない食事による代謝性骨疾患、ストレスに関連した自傷行為、肥満、歯科疾患。
other-012,Others,Red-Eared Slider Turtle,米国南東部、特にミシシッピ川流域。,警戒心が強く、食べ物に動機付けられます。基本的に単独行動ですが、世話人を認識することができます。,甲羅/スキンケア: 甲羅の腐敗を防ぎ、甲羅の健全な脱皮をサポートするために、適切な UVB 照明と日光浴エリアが必要です。,大人の場合 0.5 ～ 1.1 kg (1 ～ 2.5 ポンド)、殻の大きさによって異なります。,寿命が長く (20 ～ 30 年以上)、水中での行動が活発で、毎日の交流の必要性が比較的低い。,殻腐れ、代謝性骨疾患、呼吸器感染症、ビタミンA欠乏症。
other-013,Others,Russian Tortoise,カザフスタン、ウズベキスタン、アフガニスタンの地域を含む中央アジア。,好奇心旺盛で、リクガメとしては活発で、一般的に優しい扱いに耐えます。,殻のケア：UVB照明、穴掘り用の適切な基質、健康な年輪のための定期的な殻検査が必要です。,大人の場合0.4〜0.9kg（14〜32オンス）。,他のリクガメに比べてコンパクトなサイズ、長寿命（40～50年以上）、丈夫で活発な気質。,代謝性骨疾患、呼吸器感染症、不適切な食事/UVBによる貝殻ピラミッド形成、寄生虫。
other-014,Others,Ball Python,西アフリカと中央アフリカ、草原と開けた森林に自生。,おとなしく内気で、攻撃的というよりは防御的にボールに丸まってしまうことが多い。,スキンケア: 清潔な小屋には適切な湿度が必要です。脱皮期には湿気の多い皮を提供します。,大人の場合 1.5 ～ 2.3 kg (3.3 ～ 5 ポンド)。,穏やかな気質、メンテナンスの手間がかからない、扱いやすいサイズ、長寿命 (20 ～ 30 年)、最小限の騒音/臭気。,呼吸器感染症、抜け殻の滞留、ダニ、過度の湿気/湿った基材による鱗の腐敗。
other-015,Others,Corn Snake,米国南東部、野原、森林、放棄された建造物に自生。,従順で好奇心旺盛で扱いやすいため、初心者向けのヘビとして人気があります。,スキンケア: 適度な湿度できれいに脱皮します。脱皮サイクル中に湿気の多い皮を提供します。,大人の場合は 450 ～ 900 g (1 ～ 2 ポンド)。,おおらかな気質、扱いやすい体格、丈夫な体質、幅広い色の形態。,呼吸器感染症、抜け毛の残存（特に眼球と尾端）、ダニ、口腐れ（感染性口内炎）。
other-016,Others,Veiled Chameleon,イエメンとサウジアラビア、アラビア半島の山岳地帯の湿気の多い地域に自生。,孤独で縄張り意識がある。触ることを嫌い、「見ても触らない」ペットとして最適です。,スキンケア: 健康的な脱皮をサポートするには、高湿度、ミスト/ドリッパー システム、強力な UVB 照明が必要です。,大人の場合は 100 ～ 200 g (3.5 ～ 7 オンス)。,印象的な色の変化するディスプレイ、低いインタラクション/取り扱い要件、視覚的に魅力的な囲い動物。,代謝性骨疾患、呼吸器感染症、脱水症、メスの結卵。
other-017,Others,Axolotl,メキシコのソチミルコ湖。一生水中に生息する新生サンショウウオ。,孤独で座りがちで、交流が少ない。扱うよりも観察するのが最善です。,皮膚/えらのケア: 敏感な外えらと粘液層を損傷しないように、清潔で冷たく、よくろ過された水と穏やかな取り扱いが必要です。,大人の場合60〜110g（2〜4オンス）。,独特の再生能力、低騒音の水生飼育、視覚的に特徴的な外鰓、長寿命（10～15年）。,細菌および真菌による皮膚感染症、劣悪な水質によるアンモニア中毒、基質摂取による宿便。
other-018,Others,Betta Fish (Siamese Fighting Fish),タイ、カンボジア、ベトナムに生息し、浅い水田と流れの緩やかな水域に生息します。,単独行動と縄張り意識があり、特にオスは一緒に暮らすことができない。,フィン/スケールのケア: 流れるフィンを損傷やフィンの腐敗から保護するために、清潔で安定した温水条件と穏やかな取り扱いが必要です。,大人の場合は 2 ～ 3 g (0.07 ～ 0.1 オンス)。,鮮やかな色とフィナージュ、省スペース、安定した水質条件下での耐久性。,ひれの腐敗、ich（寄生虫感染）、浮袋障害、水腫（細菌感染）。
other-019,Others,Goldfish,"中国では、1,000 年以上前に野生のプロイセンのコイから家畜化されました。",同族間では社交的で活発。グループで飼うことで利益を得ることができます。,鱗/粘液コートのケア: 魚の保護粘液コートを保護するために、きれいで、よく濾過された、適切な量の水を必要とします。,品種によって大きく異なりますが、十分なスペースがある場合、成人の場合は通常 100 ～ 500 g (3.5 ～ 17.6 オンス) です。,寿命が長く (適切な手入れをすれば 10 ～ 20 年以上)、冷たい水でも丈夫で、観賞用の形も多種多様です。,浮き袋障害、病気、ヒレの腐敗、小型水槽によるアンモニア/亜硝酸塩中毒。
other-020,Others,Hermit Crab,カリブ海やインド太平洋などの熱帯沿岸地域。,同族間では社交的で、一般的に従順で、ほとんどが夜行性です。,外骨格のケア: 脱皮のための湿度管理と、適切なサイズの交換用シェルへのアクセスが必要です。,種や殻の大きさによって異なります。成熟度に応じて、通常は数グラムから 100 g 未満です。,毎日のやり取りの必要性が低く、よく世話をすれば寿命が長く（10～20年を超える場合もあります）、殻を変える行動をとります。,低湿度、甲羅関連のストレス、細菌感染、脱水による脱皮合併症。
other-021,Others,Chilean Rose Tarantula,チリとアルゼンチン、乾燥した低木地帯と砂漠地帯に自生。,タランチュラとしては従順で動きは遅いですが、驚かされると防御的になる可能性があります。,外骨格/ヘアケア: 直接的なケアは最小限に抑えます。脱皮をサポートするために適切な湿度と基質を提供します。,大人の場合は 15 ～ 30 g (0.5 ～ 1 オンス)。,毎日のメンテナンスは少なく、メスの寿命は長く（15～20年以上）、他のタランチュラ種に比べて穏やかな気質です。,脱水症状、過度に湿気の多い環境でのカビ/ダニの問題、脱皮合併症、ストレスによる毛蹴り（防御行動）。
dog-027,Dogs,Akita,日本では、地域の労働伝統とともに伴侶犬種および/または狩猟犬種として開発されました。,注意深く、忠実で、知的で、強い労働倫理を持っています。早期の社会化と一貫した前向きなトレーニングの恩恵を受けます。,ショートコート。通常は毎週のブラッシングで十分ですが、換毛​​期にはより頻繁にグルーミングを行ってください。,S: 性別と体格に応じて、約 3 ～ 10 kg (7 ～ 22 ポンド)。,訓練可能性、適応性、および活動的な世帯への適合性。多くの場合、服従、スポーツ、実務に優れています。,股関節および肘の形成異常、肥満、歯科疾患、品種に関連した目や心臓の病気が発生する可能性があります。
dog-028,Dogs,Alaskan Malamute,米国、交友関係、スポーツ、または実際の仕事の役割のために開発されました。,フレンドリーで順応性があり、家族に対して愛情深いことがよくあります。通常、定期的な運動、トレーニング、社会的交流によって成長します。,ミディアムダブルコート。週に2〜3回ブラッシングをし、季節の抜け毛の時期にはグルーミングを増やしてください。,小型から中型: 性別と体格に応じて、約 7 ～ 15 kg (15 ～ 33 ポンド)。,強い仲間意識、忠誠心、家族、スポーツ、仕事上の役割を越えた多才さ。,品種に関連した整形外科的問題、アレルギー、耳の病気、肥満が懸念される場合があります。定期的な獣医師のスクリーニングは重要です。
dog-029,Dogs,American Staffordshire Terrier,伝統的な狩猟、牧畜、または伴侶犬の繁殖を通じて発展した英国。,自信があり精力的で、仕事や活動に対する自然な本能を備えています。精神的な刺激と体系的な毎日の運動が必要です。,ロングコートまたはフェザーコート。週に数回、頻繁にブラッシングを行うと、マットやもつれを防ぐことができます。,中型: 性別と体格によって異なりますが、約 15 ～ 25 kg (33 ～ 55 ポンド)。,忍耐力、知性、そして人々と関わりたいという熱意。多くの場合、構造化された活動によく反応します。,犬種や大きさによっては、心臓病、目の病気、関節の問題、胃拡張捻転などが関係する場合があります。
dog-030,Dogs,Australian Cattle Dog,ドイツと中央ヨーロッパで、作業、警備、またはスポーツの目的で開発されました。,優しく人間志向で、介護者と緊密な絆を築くことが多い。感受性が豊かで、報酬ベースのトレーニングによく反応します。,ワイヤーまたはテクスチャードコート。定期的なブラッシングと、定期的な専門家によるグルーミングやハンドストリッピングが必要な場合があります。,中型から大型まで: 性別と体格に応じて約 20 ～ 35 kg (44 ～ 77 ポンド)。,独特の労働本能と強い人間関係を持ち、セラピー、スポーツ、または専門的な役割を果たす可能性があります。,皮膚疾患、整形外科的問題、遺伝性の目の病気が発生する可能性があります。責任ある飼育と定期的な獣医師のケアはリスクの軽減に役立ちます。
dog-031,Dogs,Basenji,フランスと西ヨーロッパは、地域の狩猟、農場、または伴侶犬の伝統を通じて発展しました。,独立心がありながらも献身的で、独特の個性を持っています。早期の社会化と明確な境界線は、良い行動をサポートするのに役立ちます。,カーリーまたはウールのような被毛。定期的なブラッシングと計画的なトリミングは、被毛の状態を維持するのに役立ちます。,大：性別と体格によって異なりますが、約 30 ～ 50 kg (66 ～ 110 ポンド)。,活発な個性を備えたコンパクトまたは適応可能なサイズで、運動のニーズが満たされるさまざまな家庭環境に適しています。,サイズや形態によっては、膝蓋骨脱臼、歯科疾患、肥満、加齢に伴う関節の問題が発生する可能性があります。
dog-032,Dogs,Basset Hound,スカンジナビア。寒冷地、狩猟、牧畜、農作業のために開発されました。,注意深く、忠実で、知的で、強い労働倫理を持っています。早期の社会化と一貫した前向きなトレーニングの恩恵を受けます。,ショートコート。通常は毎週のブラッシングで十分ですが、換毛​​期にはより頻繁にグルーミングを行ってください。,巨人: 性別や個人の体格にもよりますが、多くの場合 45 ～ 70 kg (99 ～ 154 + ポンド) です。,訓練可能性、適応性、および活動的な世帯への適合性。多くの場合、服従、スポーツ、実務に優れています。,股関節および肘の形成異常、肥満、歯科疾患、品種に関連した目や心臓の病気が発生する可能性があります。
dog-033,Dogs,Belgian Malinois,スペインと南ヨーロッパで、狩猟、警備、または交友のために発達しました。,フレンドリーで順応性があり、家族に対して愛情深いことがよくあります。通常、定期的な運動、トレーニング、社会的交流によって成長します。,ミディアムダブルコート。週に2〜3回ブラッシングをし、季節の抜け毛の時期にはグルーミングを増やしてください。,S: 性別と体格に応じて、約 3 ～ 10 kg (7 ～ 22 ポンド)。,強い仲間意識、忠誠心、家族、スポーツ、仕事上の役割を越えた多才さ。,品種に関連した整形外科的問題、アレルギー、耳の病気、肥満が懸念される場合があります。定期的な獣医師のスクリーニングは重要です。
dog-034,Dogs,Belgian Tervuren,中央アジアと東ヨーロッパで、家畜の番、狩猟、または持久力のある仕事のために発達しました。,自信があり精力的で、仕事や活動に対する自然な本能を備えています。精神的な刺激と体系的な毎日の運動が必要です。,ロングコートまたはフェザーコート。週に数回、頻繁にブラッシングを行うと、マットやもつれを防ぐことができます。,小型から中型: 性別と体格に応じて、約 7 ～ 15 kg (15 ～ 33 ポンド)。,忍耐力、知性、そして人々と関わりたいという熱意。多くの場合、構造化された活動によく反応します。,犬種や大きさによっては、心臓病、目の病気、関節の問題、胃拡張捻転などが関係する場合があります。
dog-035,Dogs,Bloodhound,日本では、地域の労働伝統とともに伴侶犬種および/または狩猟犬種として開発されました。,優しく人間志向で、介護者と緊密な絆を築くことが多い。感受性が豊かで、報酬ベースのトレーニングによく反応します。,ワイヤーまたはテクスチャードコート。定期的なブラッシングと、定期的な専門家によるグルーミングやハンドストリッピングが必要な場合があります。,中型: 性別と体格によって異なりますが、約 15 ～ 25 kg (33 ～ 55 ポンド)。,独特の労働本能と強い人間関係を持ち、セラピー、スポーツ、または専門的な役割を果たす可能性があります。,皮膚疾患、整形外科的問題、遺伝性の目の病気が発生する可能性があります。責任ある飼育と定期的な獣医師のケアはリスクの軽減に役立ちます。
dog-036,Dogs,Borzoi,米国、交友関係、スポーツ、または実際の仕事の役割のために開発されました。,独立心がありながらも献身的で、独特の個性を持っています。早期の社会化と明確な境界線は、良い行動をサポートするのに役立ちます。,カーリーまたはウールのような被毛。定期的なブラッシングと計画的なトリミングは、被毛の状態を維持するのに役立ちます。,中型から大型まで: 性別と体格に応じて約 20 ～ 35 kg (44 ～ 77 ポンド)。,活発な個性を備えたコンパクトまたは適応可能なサイズで、運動のニーズが満たされるさまざまな家庭環境に適しています。,サイズや形態によっては、膝蓋骨脱臼、歯科疾患、肥満、加齢に伴う関節の問題が発生する可能性があります。
dog-037,Dogs,Boston Terrier,伝統的な狩猟、牧畜、または伴侶犬の繁殖を通じて発展した英国。,注意深く、忠実で、知的で、強い労働倫理を持っています。早期の社会化と一貫した前向きなトレーニングの恩恵を受けます。,ショートコート。通常は毎週のブラッシングで十分ですが、換毛​​期にはより頻繁にグルーミングを行ってください。,大：性別と体格によって異なりますが、約 30 ～ 50 kg (66 ～ 110 ポンド)。,訓練可能性、適応性、および活動的な世帯への適合性。多くの場合、服従、スポーツ、実務に優れています。,股関節および肘の形成異常、肥満、歯科疾患、品種に関連した目や心臓の病気が発生する可能性があります。
dog-038,Dogs,Briard,ドイツと中央ヨーロッパで、作業、警備、またはスポーツの目的で開発されました。,フレンドリーで順応性があり、家族に対して愛情深いことがよくあります。通常、定期的な運動、トレーニング、社会的交流によって成長します。,ミディアムダブルコート。週に2〜3回ブラッシングをし、季節の抜け毛の時期にはグルーミングを増やしてください。,巨人: 性別や個人の体格にもよりますが、多くの場合 45 ～ 70 kg (99 ～ 154 + ポンド) です。,強い仲間意識、忠誠心、家族、スポーツ、仕事上の役割を越えた多才さ。,品種に関連した整形外科的問題、アレルギー、耳の病気、肥満が懸念される場合があります。定期的な獣医師のスクリーニングは重要です。
dog-039,Dogs,Brussels Griffon,フランスと西ヨーロッパは、地域の狩猟、農場、または伴侶犬の伝統を通じて発展しました。,自信があり精力的で、仕事や活動に対する自然な本能を備えています。精神的な刺激と体系的な毎日の運動が必要です。,ロングコートまたはフェザーコート。週に数回、頻繁にブラッシングを行うと、マットやもつれを防ぐことができます。,S: 性別と体格に応じて、約 3 ～ 10 kg (7 ～ 22 ポンド)。,忍耐力、知性、そして人々と関わりたいという熱意。多くの場合、構造化された活動によく反応します。,犬種や大きさによっては、心臓病、目の病気、関節の問題、胃拡張捻転などが関係する場合があります。
dog-040,Dogs,Bullmastiff,スカンジナビア。寒冷地、狩猟、牧畜、農作業のために開発されました。,優しく人間志向で、介護者と緊密な絆を築くことが多い。感受性が豊かで、報酬ベースのトレーニングによく反応します。,ワイヤーまたはテクスチャードコート。定期的なブラッシングと、定期的な専門家によるグルーミングやハンドストリッピングが必要な場合があります。,小型から中型: 性別と体格に応じて、約 7 ～ 15 kg (15 ～ 33 ポンド)。,独特の労働本能と強い人間関係を持ち、セラピー、スポーツ、または専門的な役割を果たす可能性があります。,皮膚疾患、整形外科的問題、遺伝性の目の病気が発生する可能性があります。責任ある飼育と定期的な獣医師のケアはリスクの軽減に役立ちます。
dog-041,Dogs,Cane Corso,スペインと南ヨーロッパで、狩猟、警備、または交友のために発達しました。,独立心がありながらも献身的で、独特の個性を持っています。早期の社会化と明確な境界線は、良い行動をサポートするのに役立ちます。,カーリーまたはウールのような被毛。定期的なブラッシングと計画的なトリミングは、被毛の状態を維持するのに役立ちます。,中型: 性別と体格によって異なりますが、約 15 ～ 25 kg (33 ～ 55 ポンド)。,活発な個性を備えたコンパクトまたは適応可能なサイズで、運動のニーズが満たされるさまざまな家庭環境に適しています。,サイズや形態によっては、膝蓋骨脱臼、歯科疾患、肥満、加齢に伴う関節の問題が発生する可能性があります。
dog-042,Dogs,Chinese Crested,中央アジアと東ヨーロッパで、家畜の番、狩猟、または持久力のある仕事のために発達しました。,注意深く、忠実で、知的で、強い労働倫理を持っています。早期の社会化と一貫した前向きなトレーニングの恩恵を受けます。,ショートコート。通常は毎週のブラッシングで十分ですが、換毛​​期にはより頻繁にグルーミングを行ってください。,中型から大型まで: 性別と体格に応じて約 20 ～ 35 kg (44 ～ 77 ポンド)。,訓練可能性、適応性、および活動的な世帯への適合性。多くの場合、服従、スポーツ、実務に優れています。,股関節および肘の形成異常、肥満、歯科疾患、品種に関連した目や心臓の病気が発生する可能性があります。
dog-043,Dogs,Chow Chow,日本では、地域の労働伝統とともに伴侶犬種および/または狩猟犬種として開発されました。,フレンドリーで順応性があり、家族に対して愛情深いことがよくあります。通常、定期的な運動、トレーニング、社会的交流によって成長します。,ミディアムダブルコート。週に2〜3回ブラッシングをし、季節の抜け毛の時期にはグルーミングを増やしてください。,大：性別と体格によって異なりますが、約 30 ～ 50 kg (66 ～ 110 ポンド)。,強い仲間意識、忠誠心、家族、スポーツ、仕事上の役割を越えた多才さ。,品種に関連した整形外科的問題、アレルギー、耳の病気、肥満が懸念される場合があります。定期的な獣医師のスクリーニングは重要です。
dog-044,Dogs,Collie,米国、交友関係、スポーツ、または実際の仕事の役割のために開発されました。,自信があり精力的で、仕事や活動に対する自然な本能を備えています。精神的な刺激と体系的な毎日の運動が必要です。,ロングコートまたはフェザーコート。週に数回、頻繁にブラッシングを行うと、マットやもつれを防ぐことができます。,巨人: 性別や個人の体格にもよりますが、多くの場合 45 ～ 70 kg (99 ～ 154 + ポンド) です。,忍耐力、知性、そして人々と関わりたいという熱意。多くの場合、構造化された活動によく反応します。,犬種や大きさによっては、心臓病、目の病気、関節の問題、胃拡張捻転などが関係する場合があります。
dog-045,Dogs,Coton de Tulear,伝統的な狩猟、牧畜、または伴侶犬の繁殖を通じて発展した英国。,優しく人間志向で、介護者と緊密な絆を築くことが多い。感受性が豊かで、報酬ベースのトレーニングによく反応します。,ワイヤーまたはテクスチャードコート。定期的なブラッシングと、定期的な専門家によるグルーミングやハンドストリッピングが必要な場合があります。,S: 性別と体格に応じて、約 3 ～ 10 kg (7 ～ 22 ポンド)。,独特の労働本能と強い人間関係を持ち、セラピー、スポーツ、または専門的な役割を果たす可能性があります。,皮膚疾患、整形外科的問題、遺伝性の目の病気が発生する可能性があります。責任ある飼育と定期的な獣医師のケアはリスクの軽減に役立ちます。
dog-046,Dogs,Curly-Coated Retriever,ドイツと中央ヨーロッパで、作業、警備、またはスポーツの目的で開発されました。,独立心がありながらも献身的で、独特の個性を持っています。早期の社会化と明確な境界線は、良い行動をサポートするのに役立ちます。,カーリーまたはウールのような被毛。定期的なブラッシングと計画的なトリミングは、被毛の状態を維持するのに役立ちます。,小型から中型: 性別と体格に応じて、約 7 ～ 15 kg (15 ～ 33 ポンド)。,活発な個性を備えたコンパクトまたは適応可能なサイズで、運動のニーズが満たされるさまざまな家庭環境に適しています。,サイズや形態によっては、膝蓋骨脱臼、歯科疾患、肥満、加齢に伴う関節の問題が発生する可能性があります。
dog-047,Dogs,English Springer Spaniel,フランスと西ヨーロッパは、地域の狩猟、農場、または伴侶犬の伝統を通じて発展しました。,注意深く、忠実で、知的で、強い労働倫理を持っています。早期の社会化と一貫した前向きなトレーニングの恩恵を受けます。,ショートコート。通常は毎週のブラッシングで十分ですが、換毛​​期にはより頻繁にグルーミングを行ってください。,中型: 性別と体格によって異なりますが、約 15 ～ 25 kg (33 ～ 55 ポンド)。,訓練可能性、適応性、および活動的な世帯への適合性。多くの場合、服従、スポーツ、実務に優れています。,股関節および肘の形成異常、肥満、歯科疾患、品種に関連した目や心臓の病気が発生する可能性があります。
dog-048,Dogs,Finnish Lapphund,スカンジナビア。寒冷地、狩猟、牧畜、農作業のために開発されました。,フレンドリーで順応性があり、家族に対して愛情深いことがよくあります。通常、定期的な運動、トレーニング、社会的交流によって成長します。,ミディアムダブルコート。週に2〜3回ブラッシングをし、季節の抜け毛の時期にはグルーミングを増やしてください。,中型から大型まで: 性別と体格に応じて約 20 ～ 35 kg (44 ～ 77 ポンド)。,強い仲間意識、忠誠心、家族、スポーツ、仕事上の役割を越えた多才さ。,品種に関連した整形外科的問題、アレルギー、耳の病気、肥満が懸念される場合があります。定期的な獣医師のスクリーニングは重要です。
dog-049,Dogs,Fox Terrier,スペインと南ヨーロッパで、狩猟、警備、または交友のために発達しました。,自信があり精力的で、仕事や活動に対する自然な本能を備えています。精神的な刺激と体系的な毎日の運動が必要です。,ロングコートまたはフェザーコート。週に数回、頻繁にブラッシングを行うと、マットやもつれを防ぐことができます。,大：性別と体格によって異なりますが、約 30 ～ 50 kg (66 ～ 110 ポンド)。,忍耐力、知性、そして人々と関わりたいという熱意。多くの場合、構造化された活動によく反応します。,犬種や大きさによっては、心臓病、目の病気、関節の問題、胃拡張捻転などが関係する場合があります。
dog-050,Dogs,Giant Schnauzer,中央アジアと東ヨーロッパで、家畜の番、狩猟、または持久力のある仕事のために発達しました。,優しく人間志向で、介護者と緊密な絆を築くことが多い。感受性が豊かで、報酬ベースのトレーニングによく反応します。,ワイヤーまたはテクスチャードコート。定期的なブラッシングと、定期的な専門家によるグルーミングやハンドストリッピングが必要な場合があります。,巨人: 性別や個人の体格にもよりますが、多くの場合 45 ～ 70 kg (99 ～ 154 + ポンド) です。,独特の労働本能と強い人間関係を持ち、セラピー、スポーツ、または専門的な役割を果たす可能性があります。,皮膚疾患、整形外科的問題、遺伝性の目の病気が発生する可能性があります。責任ある飼育と定期的な獣医師のケアはリスクの軽減に役立ちます。
dog-051,Dogs,Greyhound,日本では、地域の労働伝統とともに伴侶犬種および/または狩猟犬種として開発されました。,独立心がありながらも献身的で、独特の個性を持っています。早期の社会化と明確な境界線は、良い行動をサポートするのに役立ちます。,カーリーまたはウールのような被毛。定期的なブラッシングと計画的なトリミングは、被毛の状態を維持するのに役立ちます。,S: 性別と体格に応じて、約 3 ～ 10 kg (7 ～ 22 ポンド)。,活発な個性を備えたコンパクトまたは適応可能なサイズで、運動のニーズが満たされるさまざまな家庭環境に適しています。,サイズや形態によっては、膝蓋骨脱臼、歯科疾患、肥満、加齢に伴う関節の問題が発生する可能性があります。
dog-052,Dogs,Havanese,米国、交友関係、スポーツ、または実際の仕事の役割のために開発されました。,注意深く、忠実で、知的で、強い労働倫理を持っています。早期の社会化と一貫した前向きなトレーニングの恩恵を受けます。,ショートコート。通常は毎週のブラッシングで十分ですが、換毛​​期にはより頻繁にグルーミングを行ってください。,小型から中型: 性別と体格に応じて、約 7 ～ 15 kg (15 ～ 33 ポンド)。,訓練可能性、適応性、および活動的な世帯への適合性。多くの場合、服従、スポーツ、実務に優れています。,股関節および肘の形成異常、肥満、歯科疾患、品種に関連した目や心臓の病気が発生する可能性があります。
dog-053,Dogs,Irish Setter,伝統的な狩猟、牧畜、または伴侶犬の繁殖を通じて発展した英国。,フレンドリーで順応性があり、家族に対して愛情深いことがよくあります。通常、定期的な運動、トレーニング、社会的交流によって成長します。,ミディアムダブルコート。週に2〜3回ブラッシングをし、季節の抜け毛の時期にはグルーミングを増やしてください。,中型: 性別と体格によって異なりますが、約 15 ～ 25 kg (33 ～ 55 ポンド)。,強い仲間意識、忠誠心、家族、スポーツ、仕事上の役割を越えた多才さ。,品種に関連した整形外科的問題、アレルギー、耳の病気、肥満が懸念される場合があります。定期的な獣医師のスクリーニングは重要です。
dog-054,Dogs,Irish Wolfhound,ドイツと中央ヨーロッパで、作業、警備、またはスポーツの目的で開発されました。,自信があり精力的で、仕事や活動に対する自然な本能を備えています。精神的な刺激と体系的な毎日の運動が必要です。,ロングコートまたはフェザーコート。週に数回、頻繁にブラッシングを行うと、マットやもつれを防ぐことができます。,中型から大型まで: 性別と体格に応じて約 20 ～ 35 kg (44 ～ 77 ポンド)。,忍耐力、知性、そして人々と関わりたいという熱意。多くの場合、構造化された活動によく反応します。,犬種や大きさによっては、心臓病、目の病気、関節の問題、胃拡張捻転などが関係する場合があります。
dog-055,Dogs,Italian Greyhound,フランスと西ヨーロッパは、地域の狩猟、農場、または伴侶犬の伝統を通じて発展しました。,優しく人間志向で、介護者と緊密な絆を築くことが多い。感受性が豊かで、報酬ベースのトレーニングによく反応します。,ワイヤーまたはテクスチャードコート。定期的なブラッシングと、定期的な専門家によるグルーミングやハンドストリッピングが必要な場合があります。,大：性別と体格によって異なりますが、約 30 ～ 50 kg (66 ～ 110 ポンド)。,独特の労働本能と強い人間関係を持ち、セラピー、スポーツ、または専門的な役割を果たす可能性があります。,皮膚疾患、整形外科的問題、遺伝性の目の病気が発生する可能性があります。責任ある飼育と定期的な獣医師のケアはリスクの軽減に役立ちます。
dog-056,Dogs,Jack Russell Terrier,スカンジナビア。寒冷地、狩猟、牧畜、農作業のために開発されました。,独立心がありながらも献身的で、独特の個性を持っています。早期の社会化と明確な境界線は、良い行動をサポートするのに役立ちます。,カーリーまたはウールのような被毛。定期的なブラッシングと計画的なトリミングは、被毛の状態を維持するのに役立ちます。,巨人: 性別や個人の体格にもよりますが、多くの場合 45 ～ 70 kg (99 ～ 154 + ポンド) です。,活発な個性を備えたコンパクトまたは適応可能なサイズで、運動のニーズが満たされるさまざまな家庭環境に適しています。,サイズや形態によっては、膝蓋骨脱臼、歯科疾患、肥満、加齢に伴う関節の問題が発生する可能性があります。
dog-057,Dogs,Japanese Chin,スペインと南ヨーロッパで、狩猟、警備、または交友のために発達しました。,注意深く、忠実で、知的で、強い労働倫理を持っています。早期の社会化と一貫した前向きなトレーニングの恩恵を受けます。,ショートコート。通常は毎週のブラッシングで十分ですが、換毛​​期にはより頻繁にグルーミングを行ってください。,S: 性別と体格に応じて、約 3 ～ 10 kg (7 ～ 22 ポンド)。,訓練可能性、適応性、および活動的な世帯への適合性。多くの場合、服従、スポーツ、実務に優れています。,股関節および肘の形成異常、肥満、歯科疾患、品種に関連した目や心臓の病気が発生する可能性があります。
dog-058,Dogs,Keeshond,中央アジアと東ヨーロッパで、家畜の番、狩猟、または持久力のある仕事のために発達しました。,フレンドリーで順応性があり、家族に対して愛情深いことがよくあります。通常、定期的な運動、トレーニング、社会的交流によって成長します。,ミディアムダブルコート。週に2〜3回ブラッシングをし、季節の抜け毛の時期にはグルーミングを増やしてください。,小型から中型: 性別と体格に応じて、約 7 ～ 15 kg (15 ～ 33 ポンド)。,強い仲間意識、忠誠心、家族、スポーツ、仕事上の役割を越えた多才さ。,品種に関連した整形外科的問題、アレルギー、耳の病気、肥満が懸念される場合があります。定期的な獣医師のスクリーニングは重要です。
dog-059,Dogs,Kerry Blue Terrier,日本では、地域の労働伝統とともに伴侶犬種および/または狩猟犬種として開発されました。,自信があり精力的で、仕事や活動に対する自然な本能を備えています。精神的な刺激と体系的な毎日の運動が必要です。,ロングコートまたはフェザーコート。週に数回、頻繁にブラッシングを行うと、マットやもつれを防ぐことができます。,中型: 性別と体格によって異なりますが、約 15 ～ 25 kg (33 ～ 55 ポンド)。,忍耐力、知性、そして人々と関わりたいという熱意。多くの場合、構造化された活動によく反応します。,犬種や大きさによっては、心臓病、目の病気、関節の問題、胃拡張捻転などが関係する場合があります。
dog-060,Dogs,Lagotto Romagnolo,米国、交友関係、スポーツ、または実際の仕事の役割のために開発されました。,優しく人間志向で、介護者と緊密な絆を築くことが多い。感受性が豊かで、報酬ベースのトレーニングによく反応します。,ワイヤーまたはテクスチャードコート。定期的なブラッシングと、定期的な専門家によるグルーミングやハンドストリッピングが必要な場合があります。,中型から大型まで: 性別と体格に応じて約 20 ～ 35 kg (44 ～ 77 ポンド)。,独特の労働本能と強い人間関係を持ち、セラピー、スポーツ、または専門的な役割を果たす可能性があります。,皮膚疾患、整形外科的問題、遺伝性の目の病気が発生する可能性があります。責任ある飼育と定期的な獣医師のケアはリスクの軽減に役立ちます。
dog-061,Dogs,Leonberger,伝統的な狩猟、牧畜、または伴侶犬の繁殖を通じて発展した英国。,独立心がありながらも献身的で、独特の個性を持っています。早期の社会化と明確な境界線は、良い行動をサポートするのに役立ちます。,カーリーまたはウールのような被毛。定期的なブラッシングと計画的なトリミングは、被毛の状態を維持するのに役立ちます。,大：性別と体格によって異なりますが、約 30 ～ 50 kg (66 ～ 110 ポンド)。,活発な個性を備えたコンパクトまたは適応可能なサイズで、運動のニーズが満たされるさまざまな家庭環境に適しています。,サイズや形態によっては、膝蓋骨脱臼、歯科疾患、肥満、加齢に伴う関節の問題が発生する可能性があります。
dog-062,Dogs,Lhasa Apso,ドイツと中央ヨーロッパで、作業、警備、またはスポーツの目的で開発されました。,注意深く、忠実で、知的で、強い労働倫理を持っています。早期の社会化と一貫した前向きなトレーニングの恩恵を受けます。,ショートコート。通常は毎週のブラッシングで十分ですが、換毛​​期にはより頻繁にグルーミングを行ってください。,巨人: 性別や個人の体格にもよりますが、多くの場合 45 ～ 70 kg (99 ～ 154 + ポンド) です。,訓練可能性、適応性、および活動的な世帯への適合性。多くの場合、服従、スポーツ、実務に優れています。,股関節および肘の形成異常、肥満、歯科疾患、品種に関連した目や心臓の病気が発生する可能性があります。
dog-063,Dogs,Maltese,フランスと西ヨーロッパは、地域の狩猟、農場、または伴侶犬の伝統を通じて発展しました。,フレンドリーで順応性があり、家族に対して愛情深いことがよくあります。通常、定期的な運動、トレーニング、社会的交流によって成長します。,ミディアムダブルコート。週に2〜3回ブラッシングをし、季節の抜け毛の時期にはグルーミングを増やしてください。,S: 性別と体格に応じて、約 3 ～ 10 kg (7 ～ 22 ポンド)。,強い仲間意識、忠誠心、家族、スポーツ、仕事上の役割を越えた多才さ。,品種に関連した整形外科的問題、アレルギー、耳の病気、肥満が懸念される場合があります。定期的な獣医師のスクリーニングは重要です。
dog-064,Dogs,Miniature Schnauzer,スカンジナビア。寒冷地、狩猟、牧畜、農作業のために開発されました。,自信があり精力的で、仕事や活動に対する自然な本能を備えています。精神的な刺激と体系的な毎日の運動が必要です。,ロングコートまたはフェザーコート。週に数回、頻繁にブラッシングを行うと、マットやもつれを防ぐことができます。,小型から中型: 性別と体格に応じて、約 7 ～ 15 kg (15 ～ 33 ポンド)。,忍耐力、知性、そして人々と関わりたいという熱意。多くの場合、構造化された活動によく反応します。,犬種や大きさによっては、心臓病、目の病気、関節の問題、胃拡張捻転などが関係する場合があります。
dog-065,Dogs,Papillon,スペインと南ヨーロッパで、狩猟、警備、または交友のために発達しました。,優しく人間志向で、介護者と緊密な絆を築くことが多い。感受性が豊かで、報酬ベースのトレーニングによく反応します。,ワイヤーまたはテクスチャードコート。定期的なブラッシングと、定期的な専門家によるグルーミングやハンドストリッピングが必要な場合があります。,中型: 性別と体格によって異なりますが、約 15 ～ 25 kg (33 ～ 55 ポンド)。,独特の労働本能と強い人間関係を持ち、セラピー、スポーツ、または専門的な役割を果たす可能性があります。,皮膚疾患、整形外科的問題、遺伝性の目の病気が発生する可能性があります。責任ある飼育と定期的な獣医師のケアはリスクの軽減に役立ちます。
dog-066,Dogs,Rhodesian Ridgeback,中央アジアと東ヨーロッパで、家畜の番、狩猟、または持久力のある仕事のために発達しました。,独立心がありながらも献身的で、独特の個性を持っています。早期の社会化と明確な境界線は、良い行動をサポートするのに役立ちます。,カーリーまたはウールのような被毛。定期的なブラッシングと計画的なトリミングは、被毛の状態を維持するのに役立ちます。,中型から大型まで: 性別と体格に応じて約 20 ～ 35 kg (44 ～ 77 ポンド)。,活発な個性を備えたコンパクトまたは適応可能なサイズで、運動のニーズが満たされるさまざまな家庭環境に適しています。,サイズや形態によっては、膝蓋骨脱臼、歯科疾患、肥満、加齢に伴う関節の問題が発生する可能性があります。
dog-067,Dogs,Saluki,日本では、地域の労働伝統とともに伴侶犬種および/または狩猟犬種として開発されました。,注意深く、忠実で、知的で、強い労働倫理を持っています。早期の社会化と一貫した前向きなトレーニングの恩恵を受けます。,ショートコート。通常は毎週のブラッシングで十分ですが、換毛​​期にはより頻繁にグルーミングを行ってください。,大：性別と体格によって異なりますが、約 30 ～ 50 kg (66 ～ 110 ポンド)。,訓練可能性、適応性、および活動的な世帯への適合性。多くの場合、服従、スポーツ、実務に優れています。,股関節および肘の形成異常、肥満、歯科疾患、品種に関連した目や心臓の病気が発生する可能性があります。
dog-068,Dogs,Samoyed,米国、交友関係、スポーツ、または実際の仕事の役割のために開発されました。,フレンドリーで順応性があり、家族に対して愛情深いことがよくあります。通常、定期的な運動、トレーニング、社会的交流によって成長します。,ミディアムダブルコート。週に2〜3回ブラッシングをし、季節の抜け毛の時期にはグルーミングを増やしてください。,巨人: 性別や個人の体格にもよりますが、多くの場合 45 ～ 70 kg (99 ～ 154 + ポンド) です。,強い仲間意識、忠誠心、家族、スポーツ、仕事上の役割を越えた多才さ。,品種に関連した整形外科的問題、アレルギー、耳の病気、肥満が懸念される場合があります。定期的な獣医師のスクリーニングは重要です。
dog-069,Dogs,Schipperke,伝統的な狩猟、牧畜、または伴侶犬の繁殖を通じて発展した英国。,自信があり精力的で、仕事や活動に対する自然な本能を備えています。精神的な刺激と体系的な毎日の運動が必要です。,ロングコートまたはフェザーコート。週に数回、頻繁にブラッシングを行うと、マットやもつれを防ぐことができます。,S: 性別と体格に応じて、約 3 ～ 10 kg (7 ～ 22 ポンド)。,忍耐力、知性、そして人々と関わりたいという熱意。多くの場合、構造化された活動によく反応します。,犬種や大きさによっては、心臓病、目の病気、関節の問題、胃拡張捻転などが関係する場合があります。
dog-070,Dogs,Scottish Terrier,ドイツと中央ヨーロッパで、作業、警備、またはスポーツの目的で開発されました。,優しく人間志向で、介護者と緊密な絆を築くことが多い。感受性が豊かで、報酬ベースのトレーニングによく反応します。,ワイヤーまたはテクスチャードコート。定期的なブラッシングと、定期的な専門家によるグルーミングやハンドストリッピングが必要な場合があります。,小型から中型: 性別と体格に応じて、約 7 ～ 15 kg (15 ～ 33 ポンド)。,独特の労働本能と強い人間関係を持ち、セラピー、スポーツ、または専門的な役割を果たす可能性があります。,皮膚疾患、整形外科的問題、遺伝性の目の病気が発生する可能性があります。責任ある飼育と定期的な獣医師のケアはリスクの軽減に役立ちます。
dog-071,Dogs,Staffordshire Bull Terrier,フランスと西ヨーロッパは、地域の狩猟、農場、または伴侶犬の伝統を通じて発展しました。,独立心がありながらも献身的で、独特の個性を持っています。早期の社会化と明確な境界線は、良い行動をサポートするのに役立ちます。,カーリーまたはウールのような被毛。定期的なブラッシングと計画的なトリミングは、被毛の状態を維持するのに役立ちます。,中型: 性別と体格によって異なりますが、約 15 ～ 25 kg (33 ～ 55 ポンド)。,活発な個性を備えたコンパクトまたは適応可能なサイズで、運動のニーズが満たされるさまざまな家庭環境に適しています。,サイズや形態によっては、膝蓋骨脱臼、歯科疾患、肥満、加齢に伴う関節の問題が発生する可能性があります。
dog-072,Dogs,Tibetan Mastiff,スカンジナビア。寒冷地、狩猟、牧畜、農作業のために開発されました。,注意深く、忠実で、知的で、強い労働倫理を持っています。早期の社会化と一貫した前向きなトレーニングの恩恵を受けます。,ショートコート。通常は毎週のブラッシングで十分ですが、換毛​​期にはより頻繁にグルーミングを行ってください。,中型から大型まで: 性別と体格に応じて約 20 ～ 35 kg (44 ～ 77 ポンド)。,訓練可能性、適応性、および活動的な世帯への適合性。多くの場合、服従、スポーツ、実務に優れています。,股関節および肘の形成異常、肥満、歯科疾患、品種に関連した目や心臓の病気が発生する可能性があります。
dog-073,Dogs,Vizsla,スペインと南ヨーロッパで、狩猟、警備、または交友のために発達しました。,フレンドリーで順応性があり、家族に対して愛情深いことがよくあります。通常、定期的な運動、トレーニング、社会的交流によって成長します。,ミディアムダブルコート。週に2〜3回ブラッシングをし、季節の抜け毛の時期にはグルーミングを増やしてください。,大：性別と体格によって異なりますが、約 30 ～ 50 kg (66 ～ 110 ポンド)。,強い仲間意識、忠誠心、家族、スポーツ、仕事上の役割を越えた多才さ。,品種に関連した整形外科的問題、アレルギー、耳の病気、肥満が懸念される場合があります。定期的な獣医師のスクリーニングは重要です。
dog-074,Dogs,Weimaraner,中央アジアと東ヨーロッパで、家畜の番、狩猟、または持久力のある仕事のために発達しました。,自信があり精力的で、仕事や活動に対する自然な本能を備えています。精神的な刺激と体系的な毎日の運動が必要です。,ロングコートまたはフェザーコート。週に数回、頻繁にブラッシングを行うと、マットやもつれを防ぐことができます。,巨人: 性別や個人の体格にもよりますが、多くの場合 45 ～ 70 kg (99 ～ 154 + ポンド) です。,忍耐力、知性、そして人々と関わりたいという熱意。多くの場合、構造化された活動によく反応します。,犬種や大きさによっては、心臓病、目の病気、関節の問題、胃拡張捻転などが関係する場合があります。
dog-075,Dogs,Whippet,日本では、地域の労働伝統とともに伴侶犬種および/または狩猟犬種として開発されました。,優しく人間志向で、介護者と緊密な絆を築くことが多い。感受性が豊かで、報酬ベースのトレーニングによく反応します。,ワイヤーまたはテクスチャードコート。定期的なブラッシングと、定期的な専門家によるグルーミングやハンドストリッピングが必要な場合があります。,S: 性別と体格に応じて、約 3 ～ 10 kg (7 ～ 22 ポンド)。,独特の労働本能と強い人間関係を持ち、セラピー、スポーツ、または専門的な役割を果たす可能性があります。,皮膚疾患、整形外科的問題、遺伝性の目の病気が発生する可能性があります。責任ある飼育と定期的な獣医師のケアはリスクの軽減に役立ちます。
dog-076,Dogs,Wire Fox Terrier,米国、交友関係、スポーツ、または実際の仕事の役割のために開発されました。,独立心がありながらも献身的で、独特の個性を持っています。早期の社会化と明確な境界線は、良い行動をサポートするのに役立ちます。,カーリーまたはウールのような被毛。定期的なブラッシングと計画的なトリミングは、被毛の状態を維持するのに役立ちます。,小型から中型: 性別と体格に応じて、約 7 ～ 15 kg (15 ～ 33 ポンド)。,活発な個性を備えたコンパクトまたは適応可能なサイズで、運動のニーズが満たされるさまざまな家庭環境に適しています。,サイズや形態によっては、膝蓋骨脱臼、歯科疾患、肥満、加齢に伴う関節の問題が発生する可能性があります。
cat-022,Cats,American Bobtail,米国、飼い猫と地域の血統からの品種改良によって開発されました。,愛情深く、好奇心旺盛で社交的で、インタラクティブな遊びや人々との密接な接触を楽しむことがよくあります。,ショートコート。通常は毎週のブラッシングで十分ですが、季節の換毛期には特別なグルーミングを行ってください。,S: 性別と体格によって異なりますが、約 2 ～ 4 kg (4.5 ～ 9 ポンド)。,適応性、仲間意識、そして強力なインタラクティブな遊びの意欲。多くの場合、豊かな屋内生活に適しています。,肥大型心筋症、歯科疾患、肥満、品種に関連した遺伝性疾患が発生する可能性があります。
cat-023,Cats,American Curl,確立された飼い猫の個体数と正式な品種プログラムに基づいて開発された英国。,独立心がありながらもフレンドリーで、バランスのとれた気質を持ち、適度な活動ニーズを持つ仲間を求める家庭に適しています。,ミディアム丈のコート。週に数回ブラッシングして抜け毛を減らし、もつれを防ぎます。,中型: 性別と体格によって異なりますが、約 3 ～ 5 kg (6.5 ～ 11 ポンド)。,特徴的な外観、愛情深い交友関係、そして一般的に家庭生活への適応力が良好です。,多発性嚢胞腎、心臓病、歯の問題、肥満などが懸念される場合があります。
cat-024,Cats,Balinese,フランスと西ヨーロッパは、地域の猫の個体群と現代の品種改良によって発展しました。,活動的で、知的で、遊び心があり、登るエリア、パズルのおもちゃ、日常の交流から恩恵を受けることがよくあります。,ロングコート。マットや毛玉を最小限に抑えるために、デリケートな部分に注意しながら頻繁にブラッシングする必要があります。,中型～大型: 性別と体格に応じて約 4 ～ 7 kg (9 ～ 15 ポンド)。,高い知能と好奇心で、インタラクティブな遊び、クリッカートレーニング、環境エンリッチメントをサポートします。,構造によっては、呼吸器、目、皮膚、関節の問題が発生する可能性があります。定期的な獣医師のケアが重要です。
cat-025,Cats,Bombay,アジアでは、地域のイエネコ個体群にルーツがあり、その後正式な品種が開発されました。,穏やかで順応性があり、典型的な猫の独立性を保ちながら、通常は介護者と強い絆を形成します。,巻き毛またはまばらな被毛。個人に応じて、優しく定期的なグルーミングと時々の入浴が必要な場合があります。,大型：約 5 ～ 9 kg (11 ～ 20 ポンド)、オスの方が重いことがよくあります。,穏やかな交友関係と扱いやすい家庭環境があり、介護者との緊密な絆が生まれる可能性が高い。,腎臓病、尿路疾患、肥満、歯科疾患は、飼い猫にとって潜在的な懸念事項です。
cat-026,Cats,Burmilla,スカンジナビアは、寒冷地に適応した丈夫な現地のイエネコから発展しました。,自信と好奇心旺盛で、活発な性格で豊かな環境を好みます。,抜け毛が少ないコート。グルーミングの必要性は人によって異なりますが、定期的なブラッシングは抜け毛を取り除き、皮膚の健康をサポートします。,S: 性別と体格によって異なりますが、約 2 ～ 4 kg (4.5 ～ 9 ポンド)。,敏捷性、遊び心、環境への意識の高さが特徴で、インタラクティブなペットを楽しむ飼い主にとって魅力的です。,品種に関連した心臓、腎臓、または骨格の障害が発生する可能性があります。遺伝子スクリーニングと定期的な獣医検査が役立ちます。
cat-027,Cats,Chartreux,中東と北アフリカは、長年にわたって地域猫の個体数と品種開発が確立されてきた地域です。,愛情深く、好奇心旺盛で社交的で、インタラクティブな遊びや人々との密接な接触を楽しむことがよくあります。,ショートコート。通常は毎週のブラッシングで十分ですが、季節の換毛期には特別なグルーミングを行ってください。,中型: 性別と体格によって異なりますが、約 3 ～ 5 kg (6.5 ～ 11 ポンド)。,適応性、仲間意識、そして強力なインタラクティブな遊びの意欲。多くの場合、豊かな屋内生活に適しています。,肥大型心筋症、歯科疾患、肥満、品種に関連した遺伝性疾患が発生する可能性があります。
cat-028,Cats,Cornish Rex,オーストラリアとオセアニアは、現代の選抜育種プログラムによって開発されました。,独立心がありながらもフレンドリーで、バランスのとれた気質を持ち、適度な活動ニーズを持つ仲間を求める家庭に適しています。,ミディアム丈のコート。週に数回ブラッシングして抜け毛を減らし、もつれを防ぎます。,中型～大型: 性別と体格によって異なりますが、約 4 ～ 7 kg (9 ～ 15 ポンド)。,特徴的な外観、愛情深い交友関係、そして一般的に家庭生活への適応力が良好です。,多発性嚢胞腎、心臓病、歯の問題、肥満などが懸念される場合があります。
cat-029,Cats,Cymric,米国、飼い猫と地域の血統からの品種改良によって開発されました。,活動的で、知的で、遊び心があり、登るエリア、パズルのおもちゃ、日常の交流から恩恵を受けることがよくあります。,ロングコート。マットや毛玉を最小限に抑えるために、敏感な部分に注意しながら頻繁にブラッシングする必要があります。,大型：約 5 ～ 9 kg (11 ～ 20 ポンド)、オスの方が重いことがよくあります。,高い知能と好奇心で、インタラクティブな遊び、クリッカートレーニング、環境エンリッチメントをサポートします。,構造によっては、呼吸器、目、皮膚、関節の問題が発生する可能性があります。定期的な獣医師のケアが重要です。
cat-030,Cats,European Shorthair,確立された飼い猫の個体数と正式な品種プログラムに基づいて開発された英国。,穏やかで順応性があり、典型的な猫の独立性を保ちながら、通常は介護者と強い絆を形成します。,巻き毛またはまばらな被毛。個人に応じて、優しく定期的なグルーミングと時々の入浴が必要な場合があります。,S: 性別と体格によって異なりますが、約 2 ～ 4 kg (4.5 ～ 9 ポンド)。,穏やかな交友関係と扱いやすい家庭環境があり、介護者との緊密な絆が生まれる可能性が高い。,腎臓病、尿路疾患、肥満、歯科疾患は、飼い猫にとって潜在的な懸念事項です。
cat-031,Cats,Havana Brown,フランスと西ヨーロッパは、地域の猫の個体群と現代の品種改良によって発展しました。,自信と好奇心旺盛で、活発な性格で豊かな環境を好みます。,抜け毛が少ないコート。グルーミングの必要性は人によって異なりますが、定期的なブラッシングは抜け毛を取り除き、皮膚の健康をサポートします。,中型: 性別と体格によって異なりますが、約 3 ～ 5 kg (6.5 ～ 11 ポンド)。,敏捷性、遊び心、環境への意識の高さが特徴で、インタラクティブなペットを楽しむ飼い主にとって魅力的です。,品種に関連した心臓、腎臓、または骨格の障害が発生する可能性があります。遺伝子スクリーニングと定期的な獣医検査が役立ちます。
cat-032,Cats,Japanese Bobtail,アジアでは、地域のイエネコ個体群にルーツがあり、その後正式な品種が開発されました。,愛情深く、好奇心旺盛で社交的で、インタラクティブな遊びや人々との密接な接触を楽しむことがよくあります。,ショートコート。通常は毎週のブラッシングで十分ですが、季節の換毛期には特別なグルーミングを行ってください。,中型～大型: 性別と体格によって異なりますが、約 4 ～ 7 kg (9 ～ 15 ポンド)。,適応性、仲間意識、そして強力なインタラクティブな遊びの意欲。多くの場合、豊かな屋内生活に適しています。,肥大型心筋症、歯科疾患、肥満、品種に関連した遺伝性疾患が発生する可能性があります。
cat-033,Cats,Korat,スカンジナビアは、寒冷地に適応した丈夫な現地のイエネコから発展しました。,独立心がありながらもフレンドリーで、バランスのとれた気質を持ち、適度な活動ニーズを持つ仲間を求める家庭に適しています。,ミディアム丈のコート。週に数回ブラッシングして抜け毛を減らし、もつれを防ぎます。,大型：約 5 ～ 9 kg (11 ～ 20 ポンド)、オスの方が重いことがよくあります。,特徴的な外観、愛情深い交友関係、そして一般的に家庭生活への適応力が良好です。,多発性嚢胞腎、心臓病、歯の問題、肥満などが懸念される場合があります。
cat-034,Cats,LaPerm,中東と北アフリカは、長年にわたって地域猫の個体数と品種開発が確立されてきた地域です。,活動的で、知的で、遊び心があり、登るエリア、パズルのおもちゃ、日常の交流から恩恵を受けることがよくあります。,ロングコート。マットや毛玉を最小限に抑えるために、敏感な部分に注意しながら頻繁にブラッシングする必要があります。,S: 性別と体格によって異なりますが、約 2 ～ 4 kg (4.5 ～ 9 ポンド)。,高い知能と好奇心で、インタラクティブな遊び、クリッカートレーニング、環境エンリッチメントをサポートします。,構造によっては、呼吸器、目、皮膚、関節の問題が発生する可能性があります。定期的な獣医師のケアが重要です。
cat-035,Cats,Munchkin,オーストラリアとオセアニアは、現代の選抜育種プログラムによって開発されました。,穏やかで順応性があり、典型的な猫の独立性を保ちながら、通常は介護者と強い絆を形成します。,巻き毛またはまばらな被毛。個人に応じて、優しく定期的なグルーミングと時々の入浴が必要な場合があります。,中型: 性別と体格によって異なりますが、約 3 ～ 5 kg (6.5 ～ 11 ポンド)。,穏やかな交友関係と扱いやすい家庭環境があり、介護者との緊密な絆が生まれる可能性が高い。,腎臓病、尿路疾患、肥満、歯科疾患は、飼い猫にとって潜在的な懸念事項です。
cat-036,Cats,Nebelung,米国、飼い猫と地域の血統からの品種改良によって開発されました。,自信と好奇心旺盛で、活発な性格で豊かな環境を好みます。,抜け毛が少ないコート。グルーミングの必要性は人によって異なりますが、定期的なブラッシングは抜け毛を取り除き、皮膚の健康をサポートします。,中型～大型: 性別と体格に応じて約 4 ～ 7 kg (9 ～ 15 ポンド)。,敏捷性、遊び心、環境への意識の高さが特徴で、インタラクティブなペットを楽しむ飼い主にとって魅力的です。,品種に関連した心臓、腎臓、または骨格の障害が発生する可能性があります。遺伝子スクリーニングと定期的な獣医検査が役立ちます。
cat-037,Cats,Ocicat,確立された飼い猫の個体数と正式な品種プログラムに基づいて開発された英国。,愛情深く、好奇心旺盛で社交的で、インタラクティブな遊びや人々との密接な接触を楽しむことがよくあります。,ショートコート。通常は毎週のブラッシングで十分ですが、季節の換毛期には特別なグルーミングを行ってください。,大型：約 5 ～ 9 kg (11 ～ 20 ポンド)、オスの方が重いことがよくあります。,適応性、仲間意識、そして強力なインタラクティブな遊びの意欲。多くの場合、豊かな屋内生活に適しています。,肥大型心筋症、歯科疾患、肥満、品種に関連した遺伝性疾患が発生する可能性があります。
cat-038,Cats,Peterbald,フランスと西ヨーロッパは、地域の猫の個体群と現代の品種改良によって発展しました。,独立心がありながらもフレンドリーで、バランスのとれた気質を持ち、適度な活動ニーズを持つ仲間を求める家庭に適しています。,ミディアム丈のコート。週に数回ブラッシングして抜け毛を減らし、もつれを防ぎます。,S: 性別と体格によって異なりますが、約 2 ～ 4 kg (4.5 ～ 9 ポンド)。,特徴的な外観、愛情深い交友関係、そして一般的に家庭生活への適応力が良好です。,多発性嚢胞腎、心臓病、歯の問題、肥満などが懸念される場合があります。
cat-039,Cats,Pixiebob,アジアでは、地域のイエネコ個体群にルーツがあり、その後正式な品種が開発されました。,活動的で、知的で、遊び心があり、登るエリア、パズルのおもちゃ、日常の交流から恩恵を受けることがよくあります。,ロングコート。マットや毛玉を最小限に抑えるために、敏感な部分に注意しながら頻繁にブラッシングする必要があります。,中型: 性別と体格によって異なりますが、約 3 ～ 5 kg (6.5 ～ 11 ポンド)。,高い知能と好奇心で、インタラクティブな遊び、クリッカートレーニング、環境エンリッチメントをサポートします。,構造によっては、呼吸器、目、皮膚、関節の問題が発生する可能性があります。定期的な獣医師のケアが重要です。
cat-040,Cats,Ragamuffin,スカンジナビアは、寒冷地に適応した丈夫なイエネコから発展しました。,穏やかで順応性があり、典型的な猫の独立性を保ちながら、通常は介護者と強い絆を形成します。,巻き毛またはまばらな被毛。個人に応じて、優しく定期的なグルーミングと時々の入浴が必要な場合があります。,中型～大型: 性別と体格によって異なりますが、約 4 ～ 7 kg (9 ～ 15 ポンド)。,穏やかな交友関係と扱いやすい家庭環境があり、介護者との緊密な絆が生まれる可能性が高い。,腎臓病、尿路疾患、肥満、歯科疾患は、飼い猫にとって潜在的な懸念事項です。
cat-041,Cats,Savannah,中東と北アフリカは、長年にわたって地域猫の個体数と品種開発が確立されてきた地域です。,自信と好奇心旺盛で、活発な性格で豊かな環境を好みます。,抜け毛が少ないコート。グルーミングの必要性は人によって異なりますが、定期的なブラッシングは抜け毛を取り除き、皮膚の健康をサポートします。,大型：約 5 ～ 9 kg (11 ～ 20 ポンド)、オスの方が重いことがよくあります。,敏捷性、遊び心、環境への意識の高さが特徴で、インタラクティブなペットを楽しむ飼い主にとって魅力的です。,品種に関連した心臓、腎臓、または骨格の障害が発生する可能性があります。遺伝子スクリーニングと定期的な獣医検査が役立ちます。
cat-042,Cats,Selkirk Rex,オーストラリアとオセアニアは、現代の選抜育種プログラムによって開発されました。,愛情深く、好奇心旺盛で社交的で、インタラクティブな遊びや人々との密接な接触を楽しむことがよくあります。,ショートコート。通常は毎週のブラッシングで十分ですが、季節の換毛期には特別なグルーミングを行ってください。,S: 性別と体格によって異なりますが、約 2 ～ 4 kg (4.5 ～ 9 ポンド)。,適応性、仲間意識、そして強力なインタラクティブな遊びの意欲。多くの場合、豊かな屋内生活に適しています。,肥大型心筋症、歯科疾患、肥満、品種に関連した遺伝性疾患が発生する可能性があります。
cat-043,Cats,Singapura,米国、飼い猫と地域の血統からの品種改良によって開発されました。,独立心がありながらもフレンドリーで、バランスのとれた気質を持ち、適度な活動ニーズを持つ仲間を求める家庭に適しています。,ミディアム丈のコート。週に数回ブラッシングして抜け毛を減らし、もつれを防ぎます。,中型: 性別と体格によって異なりますが、約 3 ～ 5 kg (6.5 ～ 11 ポンド)。,特徴的な外観、愛情深い交友関係、そして一般的に家庭生活への適応力が良好です。,多発性嚢胞腎、心臓病、歯の問題、肥満などが懸念される場合があります。
cat-044,Cats,Snowshoe,確立された飼い猫の個体数と正式な品種プログラムに基づいて開発された英国。,活動的で、知的で、遊び心があり、登るエリア、パズルのおもちゃ、日常の交流から恩恵を受けることがよくあります。,ロングコート。マットや毛玉を最小限に抑えるために、デリケートな部分に注意しながら頻繁にブラッシングする必要があります。,中型～大型: 性別と体格によって異なりますが、約 4 ～ 7 kg (9 ～ 15 ポンド)。,高い知能と好奇心で、インタラクティブな遊び、クリッカートレーニング、環境エンリッチメントをサポートします。,構造によっては、呼吸器、目、皮膚、関節の問題が発生する可能性があります。定期的な獣医師のケアが重要です。
cat-045,Cats,Somali,フランスと西ヨーロッパは、地域の猫の個体群と現代の品種改良によって発展しました。,穏やかで順応性があり、典型的な猫の独立性を保ちながら、通常は介護者と強い絆を形成します。,巻き毛またはまばらな被毛。個人に応じて、優しく定期的なグルーミングと時々の入浴が必要な場合があります。,大型：約 5 ～ 9 kg (11 ～ 20 ポンド)、オスの方が重いことがよくあります。,穏やかな交友関係と扱いやすい家庭環境があり、介護者との緊密な絆が生まれる可能性が高い。,腎臓病、尿路疾患、肥満、歯科疾患は、飼い猫にとって潜在的な懸念事項です。
cat-046,Cats,Toyger,アジアでは、地域のイエネコ個体群にルーツがあり、その後正式な品種が開発されました。,自信と好奇心旺盛で、活発な性格で豊かな環境を好みます。,抜け毛が少ないコート。グルーミングの必要性は人によって異なりますが、定期的なブラッシングは抜け毛を取り除き、皮膚の健康をサポートします。,S: 性別と体格によって異なりますが、約 2 ～ 4 kg (4.5 ～ 9 ポンド)。,敏捷性、遊び心、環境への意識の高さが特徴で、インタラクティブなペットを楽しむ飼い主にとって魅力的です。,品種に関連した心臓、腎臓、または骨格の障害が発生する可能性があります。遺伝子スクリーニングと定期的な獣医検査が役立ちます。
cat-047,Cats,Turkish Van,スカンジナビアは、寒冷地に適応した丈夫なイエネコから発展しました。,愛情深く、好奇心旺盛で社交的で、インタラクティブな遊びや人々との密接な接触を楽しむことがよくあります。,ショートコート。通常は毎週のブラッシングで十分ですが、季節の換毛期には特別なグルーミングを行ってください。,中型: 性別と体格によって異なりますが、約 3 ～ 5 kg (6.5 ～ 11 ポンド)。,適応性、仲間意識、そして強力なインタラクティブな遊びの意欲。多くの場合、豊かな屋内生活に適しています。,肥大型心筋症、歯科疾患、肥満、品種に関連した遺伝性疾患が発生する可能性があります。
cat-048,Cats,Australian Mist,中東と北アフリカは、長年にわたって地域猫の個体数と品種開発が確立されてきた地域です。,独立心がありながらもフレンドリーで、バランスのとれた気質を持ち、適度な活動ニーズを持つ仲間を求める家庭に適しています。,ミディアム丈のコート。週に数回ブラッシングして抜け毛を減らし、もつれを防ぎます。,中型～大型: 性別と体格によって異なりますが、約 4 ～ 7 kg (9 ～ 15 ポンド)。,特徴的な外観、愛情深い交友関係、そして一般的に家庭生活への適応力が良好です。,多発性嚢胞腎、心臓病、歯の問題、肥満などが懸念される場合があります。
cat-049,Cats,Bengal Longhair,オーストラリアとオセアニアは、現代の選抜育種プログラムによって開発されました。,活動的で、知的で、遊び心があり、登るエリア、パズルのおもちゃ、日常の交流から恩恵を受けることがよくあります。,ロングコート。マットや毛玉を最小限に抑えるために、敏感な部分に注意しながら頻繁にブラッシングする必要があります。,大型：約 5 ～ 9 kg (11 ～ 20 ポンド)、オスの方が重いことがよくあります。,高い知能と好奇心で、インタラクティブな遊び、クリッカートレーニング、環境エンリッチメントをサポートします。,構造によっては、呼吸器、目、皮膚、関節の問題が発生する可能性があります。定期的な獣医師のケアが重要です。
cat-050,Cats,Chausie,米国、飼い猫と地域の血統からの品種改良によって開発されました。,穏やかで順応性があり、典型的な猫の独立性を保ちながら、通常は介護者と強い絆を形成します。,巻き毛またはまばらな被毛。個人に応じて、優しく定期的なグルーミングと時々の入浴が必要な場合があります。,S: 性別と体格によって異なりますが、約 2 ～ 4 kg (4.5 ～ 9 ポンド)。,穏やかな交友関係と扱いやすい家庭環境があり、介護者との緊密な絆が生まれる可能性が高い。,腎臓病、尿路疾患、肥満、歯科疾患は、飼い猫にとって潜在的な懸念事項です。
cat-051,Cats,Colorpoint Shorthair,確立された飼い猫の個体数と正式な品種プログラムに基づいて開発された英国。,自信と好奇心旺盛で、活発な性格で豊かな環境を好みます。,抜け毛が少ないコート。グルーミングの必要性は人によって異なりますが、定期的なブラッシングは抜け毛を取り除き、皮膚の健康をサポートします。,中型: 性別と体格によって異なりますが、約 3 ～ 5 kg (6.5 ～ 11 ポンド)。,敏捷性、遊び心、環境への意識の高さが特徴で、インタラクティブなペットを楽しむ飼い主にとって魅力的です。,品種に関連した心臓、腎臓、または骨格の障害が発生する可能性があります。遺伝子スクリーニングと定期的な獣医検査が役立ちます。
cat-052,Cats,Donskoy,フランスと西ヨーロッパは、地域の猫の個体群と現代の品種改良によって発展しました。,愛情深く、好奇心旺盛で社交的で、インタラクティブな遊びや人々との密接な接触を楽しむことがよくあります。,ショートコート。通常は毎週のブラッシングで十分ですが、季節の換毛期には特別なグルーミングを行ってください。,中型～大型: 性別と体格によって異なりますが、約 4 ～ 7 kg (9 ～ 15 ポンド)。,適応性、仲間意識、そして強力なインタラクティブな遊びの意欲。多くの場合、豊かな屋内生活に適しています。,肥大型心筋症、歯科疾患、肥満、品種に関連した遺伝性疾患が発生する可能性があります。
cat-053,Cats,German Longhair,アジアでは、地域のイエネコ個体群にルーツがあり、その後正式な品種が開発されました。,独立心がありながらもフレンドリーで、バランスのとれた気質を持ち、適度な活動ニーズを持つ仲間を求める家庭に適しています。,ミディアム丈のコート。週に数回ブラッシングして抜け毛を減らし、もつれを防ぎます。,大型：約 5 ～ 9 kg (11 ～ 20 ポンド)、オスの方が重いことがよくあります。,特徴的な外観、愛情深い交友関係、そして一般的に家庭生活への適応力が良好です。,多発性嚢胞腎、心臓病、歯の問題、肥満などが懸念される場合があります。
cat-054,Cats,Khao Manee,スカンジナビアは、寒冷地に適応した丈夫な現地のイエネコから発展しました。,活動的で、知的で、遊び心があり、登るエリア、パズルのおもちゃ、日常の交流から恩恵を受けることがよくあります。,ロングコート。マットや毛玉を最小限に抑えるために、敏感な部分に注意しながら頻繁にブラッシングする必要があります。,S: 性別と体格によって異なりますが、約 2 ～ 4 kg (4.5 ～ 9 ポンド)。,高い知能と好奇心で、インタラクティブな遊び、クリッカートレーニング、環境エンリッチメントをサポートします。,構造によっては、呼吸器、目、皮膚、関節の問題が発生する可能性があります。定期的な獣医師のケアが重要です。
cat-055,Cats,Kinkalow,中東と北アフリカは、長年にわたって地域猫の個体数と品種開発が確立されてきた地域です。,穏やかで順応性があり、典型的な猫の独立性を保ちながら、通常は介護者と強い絆を形成します。,巻き毛またはまばらな被毛。個人に応じて、優しく定期的なグルーミングと時々の入浴が必要な場合があります。,中型: 性別と体格によって異なりますが、約 3 ～ 5 kg (6.5 ～ 11 ポンド)。,穏やかな交友関係と扱いやすい家庭環境があり、介護者との緊密な絆が生まれる可能性が高い。,腎臓病、尿路疾患、肥満、歯科疾患は、飼い猫にとって潜在的な懸念事項です。
cat-056,Cats,Lykoi,オーストラリアとオセアニアは、現代の選抜育種プログラムによって開発されました。,自信と好奇心旺盛で、活発な性格で豊かな環境を好みます。,抜け毛が少ないコート。グルーミングの必要性は人によって異なりますが、定期的なブラッシングは抜け毛を取り除き、皮膚の健康をサポートします。,中型～大型: 性別と体格に応じて約 4 ～ 7 kg (9 ～ 15 ポンド)。,敏捷性、遊び心、環境への意識の高さが特徴で、インタラクティブなペットを楽しむ飼い主にとって魅力的です。,品種に関連した心臓、腎臓、または骨格の障害が発生する可能性があります。遺伝子スクリーニングと定期的な獣医検査が役立ちます。
cat-057,Cats,Minskin,米国、飼い猫と地域の血統からの品種改良によって開発されました。,愛情深く、好奇心旺盛で社交的で、インタラクティブな遊びや人々との密接な接触を楽しむことがよくあります。,ショートコート。通常は毎週のブラッシングで十分ですが、季節の換毛期には特別なグルーミングを行ってください。,大型：約 5 ～ 9 kg (11 ～ 20 ポンド)、オスの方が重いことがよくあります。,適応性、仲間意識、そして強力なインタラクティブな遊びの意欲。多くの場合、豊かな屋内生活に適しています。,肥大型心筋症、歯科疾患、肥満、品種に関連した遺伝性疾患が発生する可能性があります。
cat-058,Cats,Napoleon,確立された飼い猫の個体数と正式な品種プログラムに基づいて開発された英国。,独立心がありながらもフレンドリーで、バランスのとれた気質を持ち、適度な活動ニーズを持つ仲間を求める家庭に適しています。,ミディアム丈のコート。週に数回ブラッシングして抜け毛を減らし、もつれを防ぎます。,S: 性別と体格によって異なりますが、約 2 ～ 4 kg (4.5 ～ 9 ポンド)。,特徴的な外観、愛情深い交友関係、そして一般的に家庭生活への適応力が良好です。,多発性嚢胞腎、心臓病、歯の問題、肥満などが懸念される場合があります。
cat-059,Cats,RagaMuffin,フランスと西ヨーロッパは、地域の猫の個体群と現代の品種改良によって発展しました。,活動的で、知的で、遊び心があり、登るエリア、パズルのおもちゃ、日常の交流から恩恵を受けることがよくあります。,ロングコート。マットや毛玉を最小限に抑えるために、敏感な部分に注意しながら頻繁にブラッシングする必要があります。,中型: 性別と体格によって異なりますが、約 3 ～ 5 kg (6.5 ～ 11 ポンド)。,高い知能と好奇心で、インタラクティブな遊び、クリッカートレーニング、環境エンリッチメントをサポートします。,構造によっては、呼吸器、目、皮膚、関節の問題が発生する可能性があります。定期的な獣医師のケアが重要です。
cat-060,Cats,Serengeti,アジアでは、地域のイエネコ個体群にルーツがあり、その後正式な品種が開発されました。,穏やかで順応性があり、典型的な猫の独立性を保ちながら、通常は介護者と強い絆を形成します。,巻き毛またはまばらな被毛。個人に応じて、優しく定期的なグルーミングと時々の入浴が必要な場合があります。,中型～大型: 性別と体格に応じて約 4 ～ 7 kg (9 ～ 15 ポンド)。,穏やかな交友関係と扱いやすい家庭環境があり、介護者との緊密な絆が生まれる可能性が高い。,腎臓病、尿路疾患、肥満、歯科疾患は、飼い猫にとって潜在的な懸念事項です。
cat-061,Cats,Sokoke,スカンジナビアは、寒冷地に適応した丈夫なイエネコから発展しました。,自信と好奇心旺盛で、活発な性格で豊かな環境を好みます。,抜け毛が少ないコート。グルーミングの必要性は人によって異なりますが、定期的なブラッシングは抜け毛を取り除き、皮膚の健康をサポートします。,大型：約 5 ～ 9 kg (11 ～ 20 ポンド)、オスの方が重いことがよくあります。,敏捷性、遊び心、環境への意識の高さが特徴で、インタラクティブなペットを楽しむ飼い主にとって魅力的です。,品種に関連した心臓、腎臓、または骨格の障害が発生する可能性があります。遺伝子スクリーニングと定期的な獣医検査が役立ちます。
cat-062,Cats,Thai Cat,中東と北アフリカは、長年にわたって地域猫の個体数と品種開発が確立されてきた地域です。,愛情深く、好奇心旺盛で社交的で、インタラクティブな遊びや人々との密接な接触を楽しむことがよくあります。,ショートコート。通常は毎週のブラッシングで十分ですが、季節の換毛期には特別なグルーミングを行ってください。,S: 性別と体格によって異なりますが、約 2 ～ 4 kg (4.5 ～ 9 ポンド)。,適応性、仲間意識、そして強力なインタラクティブな遊びの意欲。多くの場合、豊かな屋内生活に適しています。,肥大型心筋症、歯科疾患、肥満、品種に関連した遺伝性疾患が発生する可能性があります。
cat-063,Cats,Ukrainian Levkoy,オーストラリアとオセアニアは、現代の選抜育種プログラムによって開発されました。,独立心がありながらもフレンドリーで、バランスのとれた気質を持ち、適度な活動ニーズを持つ仲間を求める家庭に適しています。,ミディアム丈のコート。週に数回ブラッシングして抜け毛を減らし、もつれを防ぎます。,中型: 性別と体格によって異なりますが、約 3 ～ 5 kg (6.5 ～ 11 ポンド)。,特徴的な外観、愛情深い交友関係、そして一般的に家庭生活への適応力が良好です。,多発性嚢胞腎、心臓病、歯の問題、肥満などが懸念される場合があります。
cat-064,Cats,York Chocolate,米国、飼い猫と地域の血統からの品種改良によって開発されました。,活動的で、知的で、遊び心があり、登るエリア、パズルのおもちゃ、日常の交流から恩恵を受けることがよくあります。,ロングコート。マットや毛玉を最小限に抑えるために、デリケートな部分に注意しながら頻繁にブラッシングする必要があります。,中型～大型: 性別と体格によって異なりますが、約 4 ～ 7 kg (9 ～ 15 ポンド)。,高い知能と好奇心で、インタラクティブな遊び、クリッカートレーニング、環境エンリッチメントをサポートします。,構造によっては、呼吸器、目、皮膚、関節の問題が発生する可能性があります。定期的な獣医師のケアが重要です。
cat-065,Cats,Asian Semi-longhair,確立された飼い猫の個体数と正式な品種プログラムに基づいて開発された英国。,穏やかで順応性があり、典型的な猫の独立性を保ちながら、通常は介護者と強い絆を形成します。,巻き毛またはまばらな被毛。個人に応じて、優しく定期的なグルーミングと時々の入浴が必要な場合があります。,大型：約 5 ～ 9 kg (11 ～ 20 ポンド)、オスの方が重いことがよくあります。,穏やかな交友関係と扱いやすい家庭環境があり、介護者との緊密な絆が生まれる可能性が高い。,腎臓病、尿路疾患、肥満、歯科疾患は、飼い猫にとって潜在的な懸念事項です。
cat-066,Cats,California Spangled,フランスと西ヨーロッパは、地域の猫の個体群と現代の品種改良によって発展しました。,自信と好奇心旺盛で、活発な性格で豊かな環境を好みます。,抜け毛が少ないコート。グルーミングの必要性は人によって異なりますが、定期的なブラッシングは抜け毛を取り除き、皮膚の健康をサポートします。,S: 性別と体格によって異なりますが、約 2 ～ 4 kg (4.5 ～ 9 ポンド)。,敏捷性、遊び心、環境への意識の高さが特徴で、インタラクティブなペットを楽しむ飼い主にとって魅力的です。,品種に関連した心臓、腎臓、または骨格の障害が発生する可能性があります。遺伝子スクリーニングと定期的な獣医検査が役立ちます。
cat-067,Cats,Javanese,アジアでは、地域のイエネコ個体群にルーツがあり、その後正式な品種が開発されました。,愛情深く、好奇心旺盛で社交的で、インタラクティブな遊びや人々との密接な接触を楽しむことがよくあります。,ショートコート。通常は毎週のブラッシングで十分ですが、季節の換毛期には特別なグルーミングを行ってください。,中型: 性別と体格によって異なりますが、約 3 ～ 5 kg (6.5 ～ 11 ポンド)。,適応性、仲間意識、そして強力なインタラクティブな遊びの意欲。多くの場合、豊かな屋内生活に適しています。,肥大型心筋症、歯科疾患、肥満、品種に関連した遺伝性疾患が発生する可能性があります。
cat-068,Cats,Mekong Bobtail,スカンジナビアは、寒冷地に適応した丈夫なイエネコから発展しました。,独立心がありながらもフレンドリーで、バランスのとれた気質を持ち、適度な活動ニーズを持つ仲間を求める家庭に適しています。,ミディアム丈のコート。週に数回ブラッシングして抜け毛を減らし、もつれを防ぎます。,中型～大型: 性別と体格によって異なりますが、約 4 ～ 7 kg (9 ～ 15 ポンド)。,特徴的な外観、愛情深い交友関係、そして一般的に家庭生活への適応力が良好です。,多発性嚢胞腎、心臓病、歯の問題、肥満などが懸念される場合があります。
cat-069,Cats,Oriental Longhair,中東と北アフリカは、長年にわたって地域猫の個体数と品種開発が確立されてきた地域です。,活動的で、知的で、遊び心があり、登るエリア、パズルのおもちゃ、日常の交流から恩恵を受けることがよくあります。,ロングコート。マットや毛玉を最小限に抑えるために、敏感な部分に注意しながら頻繁にブラッシングする必要があります。,大型：約 5 ～ 9 kg (11 ～ 20 ポンド)、オスの方が重いことがよくあります。,高い知能と好奇心で、インタラクティブな遊び、クリッカートレーニング、環境エンリッチメントをサポートします。,構造によっては、呼吸器、目、皮膚、関節の問題が発生する可能性があります。定期的な獣医師のケアが重要です。
cat-070,Cats,Highlander,オーストラリアとオセアニアは、現代の選抜育種プログラムによって開発されました。,穏やかで順応性があり、典型的な猫の独立性を保ちながら、通常は介護者と強い絆を形成します。,巻き毛またはまばらな被毛。個人に応じて、優しく定期的なグルーミングと時々の入浴が必要な場合があります。,S: 性別と体格によって異なりますが、約 2 ～ 4 kg (4.5 ～ 9 ポンド)。,穏やかな交友関係と扱いやすい家庭環境があり、介護者との緊密な絆が生まれる可能性が高い。,腎臓病、尿路疾患、肥満、歯科疾患は、飼い猫にとって潜在的な懸念事項です。
cat-071,Cats,Aphrodite Giant,米国、飼い猫と地域の血統からの品種改良によって開発されました。,自信と好奇心旺盛で、活発な性格で豊かな環境を好みます。,抜け毛が少ないコート。グルーミングの必要性は人によって異なりますが、定期的なブラッシングは抜け毛を取り除き、皮膚の健康をサポートします。,中型: 性別と体格によって異なりますが、約 3 ～ 5 kg (6.5 ～ 11 ポンド)。,敏捷性、遊び心、環境への意識の高さが特徴で、インタラクティブなペットを楽しむ飼い主にとって魅力的です。,品種に関連した心臓、腎臓、または骨格の障害が発生する可能性があります。遺伝子スクリーニングと定期的な獣医検査が役立ちます。
bird-019,Birds,Alexandrine Parakeet,オーストラリア、森林、草原、または海岸の生息地に自生し、一般に鳥類の養殖で飼育されています。,社交的で、知的で、対話的であり、しばしば介護者と強い絆を形成します。日々の充実と適切な社会的接触が必要です。,羽毛の手入れは、主に定期的な羽繕い、入浴や霧吹きによって自分で行うことができます。安全に入浴できる機会を提供します。,小型: 性別と亜種に応じて、通常 15 ～ 40 g。,知性、社会的交流、発声学習、適切に強化された場合の魅力的な自然な行動。,適切な食事、衛生状態、栄養補給がなければ、呼吸器疾患、栄養不足、羽引き、肥満が発生する可能性があります。
bird-020,Birds,Australian King Parrot,南アメリカ、熱帯林またはサバンナに生息し、鳥類の養殖で人気があります。,活発で警戒心が強く、活発な性格で好奇心旺盛。飛行スペース、おもちゃ、さまざまな充実の恩恵を受けます。,滑らかでコンパクトなフェザリング。定期的な入浴ときれいな水へのアクセスが羽毛の状態をサポートします。,小型から中型: 性別と亜種に応じて、通常 40 ～ 150 g。,カラフルな羽、活発な行動、観察種や伴侶種としての強い魅力。,ビタミンとミネラルのアンバランス、慢性呼吸器疾患、行動的ストレスは、飼育下での潜在的な懸念事項となります。
bird-021,Birds,Bourke’s Parakeet,アフリカの森林、サバンナ、または森林の生息地に生息し、独特の鳴き声や社会的行動で知られています。,一般的に社交的で声が大きく、種特有の群れ行動をとります。刺激的な環境と注意深い日常生活が必要です。,羽毛には定期的な手入れと環境衛生が必要です。発達中のピンフェザーを過度に扱わないでください。,中型: 性別と亜種に応じて、通常 150 ～ 400 g。,強い群れの絆、活発な性格、忍耐強く訓練することで日課や簡単な行動を学ぶ能力。,オウム病、肥満、肝疾患、羽毛障害が発生する可能性があります。検疫と鳥獣医師によるケアが重要です。
bird-022,Birds,Brown-headed Parrot,アジア、森林、草原、都市環境に自生し、鳥類の養殖や観賞用の飼育に代表される。,明るく観察力があり、音や行動をすぐに覚えます。安全な住居、精神的刺激、種に適した交友関係が必要です。,特殊な羽毛を持つ種には、羽毛の健康を維持するために湿気の多い環境と定期的な水浴びの機会が必要な場合があります。,大型: 性別と亜種に応じて、通常 400 ～ 900 g。,独特の鳴き声、外観、自然な行動により、経験豊富な飼育者にとってはやりがいのある種となっています。,特に飼育環境が悪い場合、呼吸器感染症、栄養疾患、ストレスに関連した羽毛の損傷が発生する可能性があります。
bird-023,Birds,Cape Parrot,ヨーロッパの温帯生息地に生息し、鳴き鳥、狩猟鳥、またはコンパニオン種として一般に認識されています。,個人に応じて、穏やかなものから中程度に活動的なものまでありますが、予測可能なケア、豊かさ、自然な行動の機会から恩恵を受けます。,一般に羽毛のメンテナンスはあまり必要ありませんが、清潔な住居と適切な入浴の機会が重要です。,"非常に大きい: 性別と亜種によって異なりますが、多くの場合 900 ～ 1,500 g 以上です。",栄養、栄養、社会的ニーズが注意深く満たされた場合、適切な飼育環境への適応力。,捕獲された鳥は、食事、空気の質、または運動が不十分な場合、肥満、脂肪肝疾患、呼吸器疾患に直面する可能性があります。
bird-024,Birds,Crimson Rosella,太平洋の島々およびオーストラリア。島の森林または沿岸生態系に適応しています。,社交的で、知的で、対話的であり、しばしば介護者と強い絆を形成します。日々の充実と適切な社会的接触が必要です。,羽毛の手入れは、主に定期的な羽繕い、入浴や霧吹きによって自分で行うことができます。安全に入浴できる機会を提供します。,小型: 性別と亜種に応じて、通常 15 ～ 40 g。,知性、社会的交流、発声学習、適切に強化された場合の魅力的な自然な行動。,適切な食事、衛生状態、栄養補給がなければ、呼吸器疾患、栄養不足、羽引き、肥満が発生する可能性があります。
bird-025,Birds,Dusky Lory,オーストラリア、森林、草原、または海岸の生息地に自生し、一般に鳥類の養殖で飼育されています。,活発で警戒心が強く、活発な性格で好奇心旺盛。飛行スペース、おもちゃ、さまざまな充実の恩恵を受けます。,滑らかでコンパクトなフェザリング。定期的な入浴ときれいな水へのアクセスが羽毛の状態をサポートします。,小型から中型: 性別と亜種に応じて、通常 40 ～ 150 g。,カラフルな羽、活発な行動、観察種や伴侶種としての強い魅力。,ビタミンとミネラルのアンバランス、慢性呼吸器疾患、行動的ストレスは、飼育下での潜在的な懸念事項となります。
bird-026,Birds,Galah,南アメリカ、熱帯林またはサバンナに生息し、鳥類の養殖で人気があります。,一般的に社交的で声が大きく、種特有の群れ行動をとります。刺激的な環境と注意深い日常生活が必要です。,羽毛には定期的な手入れと環境衛生が必要です。発達中のピンフェザーを過度に扱わないでください。,中型: 性別と亜種に応じて、通常 150 ～ 400 g。,強い群れの絆、活発な性格、忍耐強く訓練することで日課や簡単な行動を学ぶ能力。,オウム病、肥満、肝疾患、羽毛障害が発生する可能性があります。検疫と鳥獣医師によるケアが重要です。
bird-027,Birds,Golden Conure,アフリカの森林、サバンナ、または森林の生息地に生息し、独特の鳴き声や社会的行動で知られています。,明るく観察力があり、音や行動をすぐに覚えます。安全な住居、精神的刺激、種に適した交友関係が必要です。,特殊な羽毛を持つ種には、羽毛の健康を維持するために湿気の多い環境と定期的な水浴びの機会が必要な場合があります。,大型: 性別と亜種に応じて、通常 400 ～ 900 g。,独特の鳴き声、外観、自然な行動により、経験豊富な飼育者にとってはやりがいのある種となっています。,特に飼育環境が悪い場合、呼吸器感染症、栄養疾患、ストレスに関連した羽毛の損傷が発生する可能性があります。
bird-028,Birds,Goffin’s Cockatoo,アジア、森林、草原、都市環境に自生し、鳥類の養殖や観賞用の飼育に代表される。,個人に応じて、穏やかなものから中程度に活動的なものまでありますが、予測可能なケア、豊かさ、自然な行動の機会から恩恵を受けます。,一般に羽毛のメンテナンスはあまり必要ありませんが、清潔な住居と適切な入浴の機会が重要です。,"非常に大きい: 性別と亜種によって異なりますが、多くの場合 900 ～ 1,500 g 以上です。",栄養、栄養、社会的ニーズが注意深く満たされた場合、適切な飼育環境への適応力。,捕獲された鳥は、食事、空気の質、または運動が不十分な場合、肥満、脂肪肝疾患、呼吸器疾患に直面する可能性があります。
bird-029,Birds,Great Green Macaw,ヨーロッパの温帯生息地に生息し、鳴き鳥、狩猟鳥、またはコンパニオン種として一般に認識されています。,社交的で、知的で、対話的であり、しばしば介護者と強い絆を形成します。日々の充実と適切な社会的接触が必要です。,羽毛の手入れは、主に定期的な羽繕い、入浴や霧吹きによって自分で行うことができます。安全に入浴できる機会を提供します。,小型: 性別と亜種に応じて、通常 15 ～ 40 g。,知性、社会的交流、発声学習、適切に強化された場合の魅力的な自然な行動。,適切な食事、衛生状態、栄養補給がなければ、呼吸器疾患、栄養不足、羽引き、肥満が発生する可能性があります。
bird-030,Birds,Green-winged Macaw,太平洋の島々およびオーストラリア。島の森林または沿岸生態系に適応しています。,活発で警戒心が強く、活発な性格で好奇心旺盛。飛行スペース、おもちゃ、さまざまな充実の恩恵を受けます。,滑らかでコンパクトなフェザリング。定期的な入浴ときれいな水へのアクセスが羽毛の状態をサポートします。,小型から中型: 性別と亜種に応じて、通常 40 ～ 150 g。,カラフルな羽、活発な行動、観察種や伴侶種としての強い魅力。,ビタミンとミネラルのアンバランス、慢性呼吸器疾患、行動的ストレスは、飼育下での潜在的な懸念事項となります。
bird-031,Birds,Jenday Conure,オーストラリア、森林、草原、または海岸の生息地に自生し、一般に鳥類の養殖で飼育されています。,一般的に社交的で声が大きく、種特有の群れ行動をとります。刺激的な環境と注意深い日常生活が必要です。,羽毛には定期的な手入れと環境衛生が必要です。発達中のピンフェザーを過度に扱わないでください。,中型: 性別と亜種に応じて、通常 150 ～ 400 g。,強い群れの絆、活発な性格、忍耐強く訓練することで日課や簡単な行動を学ぶ能力。,オウム病、肥満、肝疾患、羽毛障害が発生する可能性があります。検疫と鳥獣医師によるケアが重要です。
bird-032,Birds,Kakapo,南アメリカ、熱帯林またはサバンナに生息し、鳥類の養殖で人気があります。,明るく観察力があり、音や行動をすぐに覚えます。安全な住居、精神的刺激、種に適した交友関係が必要です。,特殊な羽毛を持つ種には、羽毛の健康を維持するために湿気の多い環境と定期的な水浴びの機会が必要な場合があります。,大型: 性別と亜種に応じて、通常 400 ～ 900 g。,独特の鳴き声、外観、自然な行動により、経験豊富な飼育者にとってはやりがいのある種となっています。,特に飼育環境が悪い場合、呼吸器感染症、栄養疾患、ストレスに関連した羽毛の損傷が発生する可能性があります。
bird-033,Birds,Kea,アフリカの森林、サバンナ、または森林の生息地に生息し、独特の鳴き声や社会的行動で知られています。,個人に応じて、穏やかなものから中程度に活動的なものまでありますが、予測可能なケア、豊かさ、自然な行動の機会から恩恵を受けます。,一般に羽毛のメンテナンスはあまり必要ありませんが、清潔な住居と適切な入浴の機会が重要です。,"非常に大きい: 性別と亜種によって異なりますが、多くの場合 900 ～ 1,500 g 以上です。",栄養、栄養、社会的ニーズが注意深く満たされた場合、適切な飼育環境への適応力。,捕獲された鳥は、食事、空気の質、または運動が不十分な場合、肥満、脂肪肝疾患、呼吸器疾患に直面する可能性があります。
bird-034,Birds,King Quail,アジア、森林、草原、都市環境に自生し、鳥類の養殖や観賞用の飼育に代表される。,社交的で、知的で、対話的であり、しばしば介護者と強い絆を形成します。日々の充実と適切な社会的接触が必要です。,羽毛の手入れは、主に定期的な羽繕い、入浴や霧吹きによって自分で行うことができます。安全に入浴できる機会を提供します。,小型: 性別と亜種に応じて、通常 15 ～ 40 g。,知性、社会的交流、発声学習、適切に強化された場合の魅力的な自然な行動。,適切な食事、衛生状態、栄養補給がなければ、呼吸器疾患、栄養不足、羽引き、肥満が発生する可能性があります。
bird-035,Birds,Kookaburra,ヨーロッパの温帯生息地に生息し、鳴き鳥、狩猟鳥、またはコンパニオン種として一般に認識されています。,活発で警戒心が強く、活発な性格で好奇心旺盛。飛行スペース、おもちゃ、さまざまな充実の恩恵を受けます。,滑らかでコンパクトなフェザリング。定期的な入浴ときれいな水へのアクセスが羽毛の状態をサポートします。,小型から中型: 性別と亜種に応じて、通常 40 ～ 150 g。,カラフルな羽、活発な行動、観察種や伴侶種としての強い魅力。,ビタミンとミネラルのアンバランス、慢性呼吸器疾患、行動的ストレスは、飼育下での潜在的な懸念事項となります。
bird-036,Birds,Lady Gouldian Finch,太平洋の島々およびオーストラリア。島の森林または沿岸生態系に適応しています。,一般的に社交的で声が大きく、種特有の群れ行動をとります。刺激的な環境と注意深い日常生活が必要です。,羽毛には定期的な手入れと環境衛生が必要です。発達中のピンフェザーを過度に扱わないでください。,中型: 性別と亜種に応じて、通常 150 ～ 400 g。,強い群れの絆、活発な性格、忍耐強く訓練することで日課や簡単な行動を学ぶ能力。,オウム病、肥満、肝疾患、羽毛障害が発生する可能性があります。検疫と鳥獣医師によるケアが重要です。
bird-037,Birds,Lesser Sulphur-crested Cockatoo,オーストラリア、森林、草原、または海岸の生息地に自生し、一般に鳥類の養殖で飼育されています。,明るく観察力があり、音や行動をすぐに覚えます。安全な住居、精神的刺激、種に適した交友関係が必要です。,特殊な羽毛を持つ種には、羽毛の健康を維持するために湿気の多い環境と定期的な水浴びの機会が必要な場合があります。,大型: 性別と亜種に応じて、通常 400 ～ 900 g。,独特の鳴き声、外観、自然な行動により、経験豊富な飼育者にとってはやりがいのある種となっています。,特に飼育環境が悪い場合、呼吸器感染症、栄養疾患、ストレスに関連した羽毛の損傷が発生する可能性があります。
bird-038,Birds,Meyer’s Parrot,南アメリカ、熱帯林またはサバンナに生息し、鳥類の養殖で人気があります。,個人に応じて、穏やかなものから中程度に活動的なものまでありますが、予測可能なケア、豊かさ、自然な行動の機会から恩恵を受けます。,一般に羽毛のメンテナンスはあまり必要ありませんが、清潔な住居と適切な入浴の機会が重要です。,"非常に大きい: 性別と亜種によって異なりますが、多くの場合 900 ～ 1,500 g 以上です。",栄養、栄養、社会的ニーズが注意深く満たされた場合、適切な飼育環境への適応力。,捕獲された鳥は、食事、空気の質、または運動が不十分な場合、肥満、脂肪肝疾患、呼吸器疾患に直面する可能性があります。
bird-039,Birds,Moluccan Cockatoo,アフリカの森林、サバンナ、または森林の生息地に生息し、独特の鳴き声や社会的行動で知られています。,社交的で、知的で、対話的であり、しばしば介護者と強い絆を形成します。日々の充実と適切な社会的接触が必要です。,羽毛の手入れは、主に定期的な羽繕い、入浴や霧吹きによって自分で行うことができます。安全に入浴できる機会を提供します。,小型: 性別と亜種に応じて、通常 15 ～ 40 g。,知性、社会的交流、発声学習、適切に強化された場合の魅力的な自然な行動。,適切な食事、衛生状態、栄養補給がなければ、呼吸器疾患、栄養不足、羽引き、肥満が発生する可能性があります。
bird-040,Birds,Nicobar Pigeon,アジア、森林、草原、都市環境に自生し、鳥類の養殖や観賞用の飼育に代表される。,活発で警戒心が強く、活発な性格で好奇心旺盛。飛行スペース、おもちゃ、さまざまな充実の恩恵を受けます。,滑らかでコンパクトなフェザリング。定期的な入浴ときれいな水へのアクセスが羽毛の状態をサポートします。,小型から中型: 性別と亜種に応じて、通常 40 ～ 150 g。,カラフルな羽、活発な行動、観察種や伴侶種としての強い魅力。,ビタミンとミネラルのアンバランス、慢性呼吸器疾患、行動的ストレスは、飼育下での潜在的な懸念事項となります。
bird-041,Birds,Northern Cardinal,ヨーロッパの温帯生息地に生息し、鳴き鳥、狩猟鳥、またはコンパニオン種として一般に認識されています。,一般的に社交的で声が大きく、種特有の群れ行動をとります。刺激的な環境と注意深い日常生活が必要です。,羽毛には定期的な手入れと環境衛生が必要です。発達中のピンフェザーを過度に扱わないでください。,中型: 性別と亜種に応じて、通常 150 ～ 400 g。,強い群れの絆、活発な性格、忍耐強く訓練することで日課や簡単な行動を学ぶ能力。,オウム病、肥満、肝疾患、羽毛障害が発生する可能性があります。検疫と鳥獣医師によるケアが重要です。
bird-042,Birds,Peach-faced Lovebird,太平洋の島々およびオーストラリア。島の森林または沿岸生態系に適応しています。,明るく観察力があり、音や行動をすぐに覚えます。安全な住居、精神的刺激、種に適した交友関係が必要です。,特殊な羽毛を持つ種には、羽毛の健康を維持するために湿気の多い環境と定期的な水浴びの機会が必要な場合があります。,大型: 性別と亜種に応じて、通常 400 ～ 900 g。,独特の鳴き声、外観、自然な行動により、経験豊富な飼育者にとってはやりがいのある種となっています。,特に飼育環境が悪い場合、呼吸器感染症、栄養疾患、ストレスに関連した羽毛の損傷が発生する可能性があります。
bird-043,Birds,Pied Imperial Pigeon,オーストラリア、森林、草原、または海岸の生息地に自生し、一般に鳥類の養殖で飼育されています。,個人に応じて、穏やかなものから中程度に活動的なものまでありますが、予測可能なケア、豊かさ、自然な行動の機会から恩恵を受けます。,一般に羽毛のメンテナンスはあまり必要ありませんが、清潔な住居と適切な入浴の機会が重要です。,"非常に大きい: 性別と亜種によって異なりますが、多くの場合 900 ～ 1,500 g 以上です。",栄養、栄養、社会的ニーズが注意深く満たされた場合、適切な飼育環境への適応力。,捕獲された鳥は、食事、空気の質、または運動が不十分な場合、肥満、脂肪肝疾患、呼吸器疾患に直面する可能性があります。
bird-044,Birds,Pionus Parrot,南アメリカ、熱帯林またはサバンナに生息し、鳥類の養殖で人気があります。,社交的で、知的で、対話的であり、しばしば介護者と強い絆を形成します。日々の充実と適切な社会的接触が必要です。,羽毛の手入れは、主に定期的な羽繕い、入浴や霧吹きによって自分で行うことができます。安全に入浴できる機会を提供します。,小型: 性別と亜種に応じて、通常 15 ～ 40 g。,知性、社会的交流、発声学習、適切に強化された場合の魅力的な自然な行動。,適切な食事、衛生状態、栄養補給がなければ、呼吸器疾患、栄養不足、羽引き、肥満が発生する可能性があります。
bird-045,Birds,Red-and-blue Lory,アフリカの森林、サバンナ、または森林の生息地に生息し、独特の鳴き声や社会的行動で知られています。,活発で警戒心が強く、活発な性格で好奇心旺盛。飛行スペース、おもちゃ、さまざまな充実の恩恵を受けます。,滑らかでコンパクトなフェザリング。定期的な入浴ときれいな水へのアクセスが羽毛の状態をサポートします。,小型から中型: 性別と亜種に応じて、通常 40 ～ 150 g。,カラフルな羽、活発な行動、観察種や伴侶種としての強い魅力。,ビタミンとミネラルのアンバランス、慢性呼吸器疾患、行動的ストレスは、飼育下での潜在的な懸念事項となります。
bird-046,Birds,Red-crowned Parakeet,アジア、森林、草原、都市環境に自生し、鳥類の養殖や観賞用の飼育に代表される。,一般的に社交的で声が大きく、種特有の群れ行動をとります。刺激的な環境と注意深い日常生活が必要です。,羽毛には定期的な手入れと環境衛生が必要です。発達中のピンフェザーを過度に扱わないでください。,中型: 性別と亜種に応じて、通常 150 ～ 400 g。,強い群れの絆、活発な性格、忍耐強く訓練することで日課や簡単な行動を学ぶ能力。,オウム病、肥満、肝疾患、羽毛障害が発生する可能性があります。検疫と鳥獣医師によるケアが重要です。
bird-047,Birds,Red-tailed Black Cockatoo,ヨーロッパの温帯生息地に生息し、鳴き鳥、狩猟鳥、またはコンパニオン種として一般に認識されています。,明るく観察力があり、音や行動をすぐに覚えます。安全な住居、精神的刺激、種に適した交友関係が必要です。,特殊な羽毛を持つ種には、羽毛の健康を維持するために湿気の多い環境と定期的な水浴びの機会が必要な場合があります。,大型: 性別と亜種に応じて、通常 400 ～ 900 g。,独特の鳴き声、外観、自然な行動により、経験豊富な飼育者にとってはやりがいのある種となっています。,特に飼育環境が悪い場合、呼吸器感染症、栄養疾患、ストレスに関連した羽毛の損傷が発生する可能性があります。
bird-048,Birds,Rose-ringed Parakeet,太平洋の島々およびオーストラリア。島の森林または沿岸生態系に適応しています。,個人に応じて、穏やかなものから中程度に活動的なものまでありますが、予測可能なケア、豊かさ、自然な行動の機会から恩恵を受けます。,一般に羽毛のメンテナンスはあまり必要ありませんが、清潔な住居と適切な入浴の機会が重要です。,"非常に大きい: 性別と亜種によって異なりますが、多くの場合 900 ～ 1,500 g 以上です。",栄養、栄養、社会的ニーズが注意深く満たされた場合、適切な飼育環境への適応力。,捕獲された鳥は、食事、空気の質、または運動が不十分な場合、肥満、脂肪肝疾患、呼吸器疾患に直面する可能性があります。
bird-049,Birds,Scarlet Macaw,オーストラリア、森林、草原、または海岸の生息地に自生し、一般に鳥類の養殖で飼育されています。,社交的で、知的で、対話的であり、しばしば介護者と強い絆を形成します。日々の充実と適切な社会的接触が必要です。,羽毛の手入れは、主に定期的な羽繕い、入浴や霧吹きによって自分で行うことができます。安全に入浴できる機会を提供します。,小型: 性別と亜種に応じて、通常 15 ～ 40 g。,知性、社会的交流、発声学習、適切に強化された場合の魅力的な自然な行動。,適切な食事、衛生状態、栄養補給がなければ、呼吸器疾患、栄養不足、羽引き、肥満が発生する可能性があります。
bird-050,Birds,Senegal Parrot,南アメリカ、熱帯林またはサバンナに生息し、鳥類の養殖で人気があります。,活発で警戒心が強く、活発な性格で好奇心旺盛。飛行スペース、おもちゃ、さまざまな充実の恩恵を受けます。,滑らかでコンパクトなフェザリング。定期的な入浴ときれいな水へのアクセスが羽毛の状態をサポートします。,小型から中型: 性別と亜種に応じて、通常 40 ～ 150 g。,カラフルな羽、活発な行動、観察種や伴侶種としての強い魅力。,ビタミンとミネラルのアンバランス、慢性呼吸器疾患、行動的ストレスは、飼育下での潜在的な懸念事項となります。
bird-051,Birds,Silver-eared Mesia,アフリカの森林、サバンナ、または森林の生息地に生息し、独特の鳴き声や社会的行動で知られています。,一般的に社交的で声が大きく、種特有の群れ行動をとります。刺激的な環境と注意深い日常生活が必要です。,羽毛には定期的な手入れと環境衛生が必要です。発達中のピンフェザーを過度に扱わないでください。,中型: 性別と亜種に応じて、通常 150 ～ 400 g。,強い群れの絆、活発な性格、忍耐強く訓練することで日課や簡単な行動を学ぶ能力。,オウム病、肥満、肝疾患、羽毛障害が発生する可能性があります。検疫と鳥獣医師によるケアが重要です。
bird-052,Birds,Spotted Dove,アジア、森林、草原、都市環境に自生し、鳥類の養殖や観賞用の飼育に代表される。,明るく観察力があり、音や行動をすぐに覚えます。安全な住居、精神的刺激、種に適した交友関係が必要です。,特殊な羽毛を持つ種には、羽毛の健康を維持するために湿気の多い環境と定期的な水浴びの機会が必要な場合があります。,大型: 性別と亜種に応じて、通常 400 ～ 900 g。,独特の鳴き声、外観、自然な行動により、経験豊富な飼育者にとってはやりがいのある種となっています。,特に飼育環境が悪い場合、呼吸器感染症、栄養疾患、ストレスに関連した羽毛の損傷が発生する可能性があります。
bird-053,Birds,Sulphur-crested Cockatoo,ヨーロッパの温帯生息地に生息し、鳴き鳥、狩猟鳥、またはコンパニオン種として一般に認識されています。,個人に応じて、穏やかなものから中程度に活動的なものまでありますが、予測可能なケア、豊かさ、自然な行動の機会から恩恵を受けます。,一般に羽毛のメンテナンスはあまり必要ありませんが、清潔な住居と適切な入浴の機会が重要です。,"非常に大きい: 性別と亜種によって異なりますが、多くの場合 900 ～ 1,500 g 以上です。",栄養、栄養、社会的ニーズが注意深く満たされた場合、適切な飼育環境への適応力。,捕獲された鳥は、食事、空気の質、または運動が不十分な場合、肥満、脂肪肝疾患、呼吸器疾患に直面する可能性があります。
bird-054,Birds,Tawny Frogmouth,太平洋の島々およびオーストラリア。島の森林または沿岸生態系に適応しています。,社交的で、知的で、対話的であり、しばしば介護者と強い絆を形成します。日々の充実と適切な社会的接触が必要です。,羽毛の手入れは、主に定期的な羽繕い、入浴や霧吹きによって自分で行うことができます。安全に入浴できる機会を提供します。,小型: 性別と亜種に応じて、通常 15 ～ 40 g。,知性、社会的交流、発声学習、適切に強化された場合の魅力的な自然な行動。,適切な食事、衛生状態、栄養補給がなければ、呼吸器疾患、栄養不足、羽引き、肥満が発生する可能性があります。
bird-055,Birds,Turquoise-fronted Amazon,オーストラリア、森林、草原、または海岸の生息地に自生し、一般に鳥類の養殖で飼育されています。,活発で警戒心が強く、活発な性格で好奇心旺盛。飛行スペース、おもちゃ、さまざまな充実の恩恵を受けます。,滑らかでコンパクトなフェザリング。定期的な入浴ときれいな水へのアクセスが羽毛の状態をサポートします。,小型から中型: 性別と亜種に応じて、通常 40 ～ 150 g。,カラフルな羽、活発な行動、観察種や伴侶種としての強い魅力。,ビタミンとミネラルのアンバランス、慢性呼吸器疾患、行動的ストレスは、飼育下での潜在的な懸念事項となります。
bird-056,Birds,Victoria Crowned Pigeon,南アメリカ、熱帯林またはサバンナに生息し、鳥類の養殖で人気があります。,一般的に社交的で声が大きく、種特有の群れ行動をとります。刺激的な環境と注意深い日常生活が必要です。,羽毛には定期的な手入れと環境衛生が必要です。発達中のピンフェザーを過度に扱わないでください。,中型: 性別と亜種に応じて、通常 150 ～ 400 g。,強い群れの絆、活発な性格、忍耐強く訓練することで日課や簡単な行動を学ぶ能力。,オウム病、肥満、肝疾患、羽毛障害が発生する可能性があります。検疫と鳥獣医師によるケアが重要です。
bird-057,Birds,Wompoo Fruit Dove,アフリカの森林、サバンナ、または森林の生息地に生息し、独特の鳴き声や社会的行動で知られています。,明るく観察力があり、音や行動をすぐに覚えます。安全な住居、精神的刺激、種に適した交友関係が必要です。,特殊な羽毛を持つ種には、羽毛の健康を維持するために湿気の多い環境と定期的な水浴びの機会が必要な場合があります。,大型: 性別と亜種に応じて、通常 400 ～ 900 g。,独特の鳴き声、外観、自然な行動により、経験豊富な飼育者にとってはやりがいのある種となっています。,特に飼育環境が悪い場合、呼吸器感染症、栄養疾患、ストレスに関連した羽毛の損傷が発生する可能性があります。
bird-058,Birds,Yellow-crowned Amazon,アジア、森林、草原、都市環境に自生し、鳥類の養殖や観賞用の飼育に代表される。,個人に応じて、穏やかなものから中程度に活動的なものまでありますが、予測可能なケア、豊かさ、自然な行動の機会から恩恵を受けます。,一般に羽毛のメンテナンスはあまり必要ありませんが、清潔な住居と適切な入浴の機会が重要です。,"非常に大きい: 性別と亜種によって異なりますが、多くの場合 900 ～ 1,500 g 以上です。",栄養、栄養、社会的ニーズが注意深く満たされた場合、適切な飼育環境への適応力。,捕獲された鳥は、食事、空気の質、または運動が不十分な場合、肥満、脂肪肝疾患、呼吸器疾患に直面する可能性があります。
bird-059,Birds,Yellow-naped Amazon,ヨーロッパの温帯生息地に生息し、鳴き鳥、狩猟鳥、またはコンパニオン種として一般に認識されています。,社交的で、知的で、対話的であり、しばしば介護者と強い絆を形成します。日々の充実と適切な社会的接触が必要です。,羽毛の手入れは、主に定期的な羽繕い、入浴や霧吹きによって自分で行うことができます。安全に入浴できる機会を提供します。,小型: 性別と亜種に応じて、通常 15 ～ 40 g。,知性、社会的交流、発声学習、適切に強化された場合の魅力的な自然な行動。,適切な食事、衛生状態、栄養補給がなければ、呼吸器疾患、栄養不足、羽引き、肥満が発生する可能性があります。
bird-060,Birds,White-bellied Caique,太平洋の島々およびオーストラリア。島の森林または沿岸生態系に適応しています。,活発で警戒心が強く、活発な性格で好奇心旺盛。飛行スペース、おもちゃ、さまざまな充実の恩恵を受けます。,滑らかでコンパクトなフェザリング。定期的な入浴ときれいな水へのアクセスが羽毛の状態をサポートします。,小型から中型: 性別と亜種に応じて、通常 40 ～ 150 g。,カラフルな羽、活発な行動、観察種や伴侶種としての強い魅力。,ビタミンとミネラルのアンバランス、慢性呼吸器疾患、行動的ストレスは、飼育下での潜在的な懸念事項となります。
bird-061,Birds,White Cockatoo,オーストラリア、森林、草原、または海岸の生息地に自生し、一般に鳥類の養殖で飼育されています。,一般的に社交的で声が大きく、種特有の群れ行動をとります。刺激的な環境と注意深い日常生活が必要です。,羽毛には定期的な手入れと環境衛生が必要です。発達中のピンフェザーを過度に扱わないでください。,中型: 性別と亜種に応じて、通常 150 ～ 400 g。,強い群れの絆、活発な性格、忍耐強く訓練することで日課や簡単な行動を学ぶ能力。,オウム病、肥満、肝疾患、羽毛障害が発生する可能性があります。検疫と鳥獣医師によるケアが重要です。
bird-062,Birds,White-rumped Munia,南アメリカ、熱帯林またはサバンナに生息し、鳥類の養殖で人気があります。,明るく観察力があり、音や行動をすぐに覚えます。安全な住居、精神的刺激、種に適した交友関係が必要です。,特殊な羽毛を持つ種には、羽毛の健康を維持するために湿気の多い環境と定期的な水浴びの機会が必要な場合があります。,大型: 性別と亜種に応じて、通常 400 ～ 900 g。,独特の鳴き声、外観、自然な行動により、経験豊富な飼育者にとってはやりがいのある種となっています。,特に飼育環境が悪い場合、呼吸器感染症、栄養疾患、ストレスに関連した羽毛の損傷が発生する可能性があります。
bird-063,Birds,Wood Duck,アフリカの森林、サバンナ、または森林の生息地に生息し、独特の鳴き声や社会的行動で知られています。,個人に応じて、穏やかなものから中程度に活動的なものまでありますが、予測可能なケア、豊かさ、自然な行動の機会から恩恵を受けます。,一般に羽毛のメンテナンスはあまり必要ありませんが、清潔な住居と適切な入浴の機会が重要です。,"非常に大きい: 性別と亜種によって異なりますが、多くの場合 900 ～ 1,500 g 以上です。",栄養、栄養、社会的ニーズが注意深く満たされた場合、適切な飼育環境への適応力。,捕獲された鳥は、食事、空気の質、または運動が不十分な場合、肥満、脂肪肝疾患、呼吸器疾患に直面する可能性があります。
bird-064,Birds,Common Myna,アジア、森林、草原、都市環境に自生し、鳥類の養殖や観賞用の飼育に代表される。,社交的で、知的で、対話的であり、しばしば介護者と強い絆を形成します。日々の充実と適切な社会的接触が必要です。,羽毛の手入れは、主に定期的な羽繕い、入浴や霧吹きによって自分で行うことができます。安全に入浴できる機会を提供します。,小型: 性別と亜種に応じて、通常 15 ～ 40 g。,知性、社会的交流、発声学習、適切に強化された場合の魅力的な自然な行動。,適切な食事、衛生状態、栄養補給がなければ、呼吸器疾患、栄養不足、羽引き、肥満が発生する可能性があります。
bird-065,Birds,European Starling,ヨーロッパの温帯生息地に生息し、鳴き鳥、狩猟鳥、またはコンパニオン種として一般に認識されています。,活発で警戒心が強く、活発な性格で好奇心旺盛。飛行スペース、おもちゃ、さまざまな充実の恩恵を受けます。,滑らかでコンパクトなフェザリング。定期的な入浴ときれいな水へのアクセスが羽毛の状態をサポートします。,小型から中型: 性別と亜種に応じて、通常 40 ～ 150 g。,カラフルな羽、活発な行動、観察種や伴侶種としての強い魅力。,ビタミンとミネラルのアンバランス、慢性呼吸器疾患、行動的ストレスは、飼育下での潜在的な懸念事項となります。
bird-066,Birds,Hill Myna,太平洋の島々およびオーストラリア。島の森林または沿岸生態系に適応しています。,一般的に社交的で声が大きく、種特有の群れ行動をとります。刺激的な環境と注意深い日常生活が必要です。,羽毛には定期的な手入れと環境衛生が必要です。発達中のピンフェザーを過度に扱わないでください。,中型: 性別と亜種に応じて、通常 150 ～ 400 g。,強い群れの絆、活発な性格、忍耐強く訓練することで日課や簡単な行動を学ぶ能力。,オウム病、肥満、肝疾患、羽毛障害が発生する可能性があります。検疫と鳥獣医師によるケアが重要です。
bird-067,Birds,Java Sparrow,オーストラリア、森林、草原、または海岸の生息地に自生し、一般に鳥類の養殖で飼育されています。,明るく観察力があり、音や行動をすぐに覚えます。安全な住居、精神的刺激、種に適した交友関係が必要です。,特殊な羽毛を持つ種には、羽毛の健康を維持するために湿気の多い環境と定期的な水浴びの機会が必要な場合があります。,大型: 性別と亜種に応じて、通常 400 ～ 900 g。,独特の鳴き声、外観、自然な行動により、経験豊富な飼育者にとってはやりがいのある種となっています。,特に飼育環境が悪い場合、呼吸器感染症、栄養疾患、ストレスに関連した羽毛の損傷が発生する可能性があります。
bird-068,Birds,Peacock,南アメリカ、熱帯林またはサバンナに生息し、鳥類の養殖で人気があります。,個人に応じて、穏やかなものから中程度に活動的なものまでありますが、予測可能なケア、豊かさ、自然な行動の機会から恩恵を受けます。,一般に羽毛のメンテナンスはあまり必要ありませんが、清潔な住居と適切な入浴の機会が重要です。,"非常に大きい: 性別と亜種によって異なりますが、多くの場合 900 ～ 1,500 g 以上です。",栄養、栄養、社会的ニーズが注意深く満たされた場合、適切な飼育環境への適応力。,捕獲された鳥は、食事、空気の質、または運動が不十分な場合、肥満、脂肪肝疾患、呼吸器疾患に直面する可能性があります。
rabbit-015,Rabbits,Alaska Rabbit,英国。肉、毛皮、展示、または交配のための選抜育種によって発展しました。,優しく、好奇心が強く、社交的で、患者の扱いには愛情深くなることがよくあります。交友関係や毎日の運動から得られる恩恵。,短くて密な被毛。飲み込まれた毛を減らすために毎週ブラッシングをし、季節の抜け毛期間にはグルーミングを増やしてください。,小型: 種類によって異なりますが、約 0.8 ～ 1.5 kg (1.8 ～ 3.3 ポンド) です。,フレンドリーな交友関係、静かな家庭的存在、そして適切な運動スペースのある屋内生活への強い適性。,歯の異常成長、胃腸のうっ滞、肥満、呼吸器疾患は重要な健康上の懸念事項です。高繊維食は不可欠です。
rabbit-016,Rabbits,American Fuzzy Lop,フランスと西ヨーロッパで、さまざまな生産とショーの特性のために地域の家畜ウサギから開発されました。,警戒心が強く好奇心旺盛で、遊び心のある性格。安全な運動スペース、充実感、そして段階的な社会化が必要です。,ミディアムコート。週に数回、特に後肢の周りと換毛期にブラッシングしてください。,小型から中型: 種類によって異なりますが、約 1.2 ～ 2.5 kg (2.6 ～ 5.5 ポンド) です。,特徴的な毛並みや模様、穏やかな行動、そして患者の介護者との絆を築く可能性が高い。,不正咬合、胃腸停滞、飛節の痛み、肥満が発生する可能性があります。定期的に歯と体重をモニタリングすることをお勧めします。
rabbit-017,Rabbits,American Sable,米国、展示、毛皮、肉、または交配のための選抜育種によって発展しました。,性格は個人差がありますが、基本的に穏やかでフレンドリーです。一貫した対応と予測可能な環境により、信頼が促進されます。,ウールまたはアンゴラタイプのロングコート。マットや繊維の摂取を防ぐために、頻繁に、場合によっては毎日のグルーミングが必要です。,中型: 品種によって異なりますが、約 2 ～ 4 kg (4.4 ～ 8.8 ポンド)。,さまざまなサイズと被毛のタイプがあり、多くの人がトイレトレーニングやインタラクティブな充実を楽しんでいます。,不妊手術を受けていない女性の子宮疾患、歯の問題、胃腸疾患が潜在的な懸念事項となります。
rabbit-018,Rabbits,Argente Brun,ベルギーと中央ヨーロッパ。ヨーロッパのウサギ飼育の伝統から発展し、後にショー品種として標準化されました。,活発で好奇心旺盛で、トンネルや掘削の機会、豊かな食料を楽しむことがよくあります。,レッキスタイプのプラッシュコート。通常は、過度に激しいグルーミングを避け、穏やかな定期的なブラッシングで十分です。,大型: 種類によって異なりますが、約 4 ～ 6.5 kg (8.8 ～ 14.3 ポンド) です。,静かな自然、社会的可能性、そして採餌、穴掘り、ビンク遊びなどの魅力的な行動。,ハエストライク、歯科疾患、胃腸うっ滞、脊椎損傷が発生する可能性があります。注意深い衛生状態と安全な取り扱いが重要です。
rabbit-019,Rabbits,Belgian Hare,ドイツと近隣のヨーロッパで、被毛、大きさ、模様を重視した体系的な育種プログラムを通じて発展しました。,社交性が高く、優しい性格で人間志向であり、穏やかな扱いと十分な移動スペースを必要とします。,上質または絹のような被毛。定期的なブラッシングは、毛のもつれを防ぎ、被毛を清潔に保つのに役立ちます。,巨人: 種類や個体にもよりますが、多くの場合 6 kg (13 ポンド) 以上です。,適切に管理された屋内住居への適応性と、食事と歯科ケアが適切な場合の強力な交友の可能性。,呼吸器疾患、歯の問題、肥満、生殖障害が発生する可能性があります。ウサギに精通した獣医師による日常的なケアは貴重です。
rabbit-020,Rabbits,Blanc de Hotot,オランダと北欧は、地元のウサギの飼育と展示の伝統を通じて発展しました。,優しく、好奇心が強く、社交的で、患者の扱いには愛情深くなることがよくあります。交友関係や毎日の運動から得られる恩恵。,短くて密な被毛。飲み込まれた毛を減らすために毎週ブラッシングをし、季節の抜け毛期間にはグルーミングを増やしてください。,小型: 種類によって異なりますが、約 0.8 ～ 1.5 kg (1.8 ～ 3.3 ポンド) です。,フレンドリーな交友関係、静かな家庭的存在、そして適切な運動スペースのある屋内生活への強い適性。,歯の異常成長、胃腸のうっ滞、肥満、呼吸器疾患は重要な健康上の懸念事項です。高繊維食は不可欠です。
rabbit-021,Rabbits,Blue of Sint-Nicolas,英国。肉、毛皮、展示、または交配のための選抜育種によって発展しました。,警戒心が強く好奇心旺盛で、遊び心のある性格。安全な運動スペース、充実感、そして段階的な社会化が必要です。,ミディアムコート。週に数回、特に後肢の周りと換毛期にブラッシングしてください。,小型から中型: 種類によって異なりますが、約 1.2 ～ 2.5 kg (2.6 ～ 5.5 ポンド) です。,特徴的な毛並みや模様、穏やかな行動、そして患者の介護者との絆を築く可能性が高い。,不正咬合、胃腸停滞、飛節の痛み、肥満が発生する可能性があります。定期的に歯と体重をモニタリングすることをお勧めします。
rabbit-022,Rabbits,Californian Giant,フランスと西ヨーロッパで、さまざまな生産とショーの特性のために地域の家畜ウサギから開発されました。,性格は個人差がありますが、基本的に穏やかでフレンドリーです。一貫した対応と予測可能な環境により、信頼が促進されます。,ウールまたはアンゴラタイプのロングコート。マットや繊維の摂取を防ぐために、頻繁に、場合によっては毎日のグルーミングが必要です。,中型: 品種によって異なりますが、約 2 ～ 4 kg (4.4 ～ 8.8 ポンド)。,さまざまなサイズと被毛のタイプがあり、多くの人がトイレトレーニングやインタラクティブな充実を楽しんでいます。,不妊手術を受けていない女性の子宮疾患、歯の問題、胃腸疾患が潜在的な懸念事項となります。
rabbit-023,Rabbits,Champagne d’Argent,米国、展示、毛皮、肉、または交配のための選抜育種によって発展しました。,活発で好奇心旺盛で、トンネルや掘削の機会、豊かな食料を楽しむことがよくあります。,レッキスタイプのプラッシュコート。通常は、過度に激しいグルーミングを避け、穏やかな定期的なブラッシングで十分です。,大型: 種類によって異なりますが、約 4 ～ 6.5 kg (8.8 ～ 14.3 ポンド) です。,静かな自然、社会的可能性、そして採餌、穴掘り、ビンク遊びなどの魅力的な行動。,ハエストライク、歯科疾患、胃腸うっ滞、脊椎損傷が発生する可能性があります。注意深い衛生状態と安全な取り扱いが重要です。
rabbit-024,Rabbits,Checkered Giant,ベルギーと中央ヨーロッパ。ヨーロッパのウサギ飼育の伝統から発展し、後にショー品種として標準化されました。,社交性が高く、優しい性格で人間志向であり、穏やかな扱いと十分な移動スペースを必要とします。,上質または絹のような被毛。定期的なブラッシングは、毛のもつれを防ぎ、被毛を清潔に保つのに役立ちます。,巨人: 種類や個体にもよりますが、多くの場合 6 kg (13 ポンド) 以上です。,適切に管理された屋内住居への適応性と、食事と歯科ケアが適切な場合の強力な交友の可能性。,呼吸器疾患、歯の問題、肥満、生殖障害が発生する可能性があります。ウサギに精通した獣医師による日常的なケアは貴重です。
rabbit-025,Rabbits,Cinnamon Rabbit,ドイツと近隣のヨーロッパで、被毛、大きさ、模様を重視した体系的な育種プログラムを通じて発展しました。,優しく、好奇心が強く、社交的で、患者の扱いには愛情深くなることがよくあります。交友関係や毎日の運動から得られる恩恵。,短くて密な被毛。飲み込まれた毛を減らすために毎週ブラッシングをし、季節の抜け毛期間にはグルーミングを増やしてください。,小型: 種類によって異なりますが、約 0.8 ～ 1.5 kg (1.8 ～ 3.3 ポンド) です。,フレンドリーな交友関係、静かな家庭的存在、そして適切な運動スペースのある屋内生活への強い適性。,歯の異常成長、胃腸のうっ滞、肥満、呼吸器疾患は重要な健康上の懸念事項です。高繊維食は不可欠です。
rabbit-026,Rabbits,Crème d’Argent,オランダと北欧は、地元のウサギの飼育と展示の伝統を通じて発展しました。,警戒心が強く好奇心旺盛で、遊び心のある性格。安全な運動スペース、充実感、そして段階的な社会化が必要です。,ミディアムコート。週に数回、特に後肢の周りと換毛期にブラッシングしてください。,小型から中型: 種類によって異なりますが、約 1.2 ～ 2.5 kg (2.6 ～ 5.5 ポンド) です。,特徴的な毛並みや模様、穏やかな行動、そして患者の介護者との絆を築く可能性が高い。,不正咬合、胃腸停滞、飛節の痛み、肥満が発生する可能性があります。定期的に歯と体重をモニタリングすることをお勧めします。
rabbit-027,Rabbits,Dwarf Hotot,英国。肉、毛皮、展示、または交配のための選抜育種によって発展しました。,性格は個人差がありますが、基本的に穏やかでフレンドリーです。一貫した対応と予測可能な環境により、信頼が促進されます。,ウールまたはアンゴラタイプのロングコート。マットや繊維の摂取を防ぐために、頻繁に、場合によっては毎日のグルーミングが必要です。,中型: 品種によって異なりますが、約 2 ～ 4 kg (4.4 ～ 8.8 ポンド)。,さまざまなサイズと被毛のタイプがあり、多くの人がトイレトレーニングやインタラクティブな充実を楽しんでいます。,不妊手術を受けていない女性の子宮疾患、歯の問題、胃腸疾患が潜在的な懸念事項となります。
rabbit-028,Rabbits,English Lop,フランスと西ヨーロッパで、さまざまな生産とショーの特性のために地域の家畜ウサギから開発されました。,活発で好奇心旺盛で、トンネルや掘削の機会、豊かな食料を楽しむことがよくあります。,レッキスタイプのプラッシュコート。通常は、過度に激しいグルーミングを避け、穏やかな定期的なブラッシングで十分です。,大型: 種類によって異なりますが、約 4 ～ 6.5 kg (8.8 ～ 14.3 ポンド) です。,静かな自然、社会的可能性、そして採餌、穴掘り、ビンク遊びなどの魅力的な行動。,ハエストライク、歯科疾患、胃腸うっ滞、脊椎損傷が発生する可能性があります。注意深い衛生状態と安全な取り扱いが重要です。
rabbit-029,Rabbits,English Spot,米国、展示、毛皮、肉、または交配のための選抜育種によって発展しました。,社交性が高く、優しい性格で人間志向であり、穏やかな扱いと十分な移動スペースを必要とします。,上質または絹のような被毛。定期的なブラッシングは、毛のもつれを防ぎ、被毛を清潔に保つのに役立ちます。,巨人: 種類や個体にもよりますが、多くの場合 6 kg (13 ポンド) 以上です。,適切に管理された屋内住居への適応性と、食事と歯科ケアが適切な場合の強力な交友の可能性。,呼吸器疾患、歯の問題、肥満、生殖障害が発生する可能性があります。ウサギに精通した獣医師による日常的なケアは貴重です。
rabbit-030,Rabbits,Fauve de Bourgogne,ベルギーと中央ヨーロッパ。ヨーロッパのウサギ飼育の伝統から発展し、後にショー品種として標準化されました。,優しく、好奇心が強く、社交的で、患者の扱いには愛情深くなることがよくあります。交友関係や毎日の運動から得られる恩恵。,短くて密な被毛。飲み込まれた毛を減らすために毎週ブラッシングをし、季節の抜け毛期間にはグルーミングを増やしてください。,小型: 種類によって異なりますが、約 0.8 ～ 1.5 kg (1.8 ～ 3.3 ポンド) です。,フレンドリーな交友関係、静かな家庭的存在、そして適切な運動スペースのある屋内生活への強い適性。,歯の異常成長、胃腸のうっ滞、肥満、呼吸器疾患は重要な健康上の懸念事項です。高繊維食は不可欠です。
rabbit-031,Rabbits,French Angora,ドイツと近隣のヨーロッパで、被毛、大きさ、模様を重視した体系的な育種プログラムを通じて発展しました。,警戒心が強く好奇心旺盛で、遊び心のある性格。安全な運動スペース、充実感、そして段階的な社会化が必要です。,ミディアムコート。週に数回、特に後肢の周りと換毛期にブラッシングしてください。,小型から中型: 種類によって異なりますが、約 1.2 ～ 2.5 kg (2.6 ～ 5.5 ポンド) です。,特徴的な毛並みや模様、穏やかな行動、そして患者の介護者との絆を築く可能性が高い。,不正咬合、胃腸停滞、飛節の痛み、肥満が発生する可能性があります。定期的に歯と体重をモニタリングすることをお勧めします。
rabbit-032,Rabbits,French Lop,オランダと北欧は、地元のウサギの繁殖と展示の伝統を通じて発展しました。,性格は個人差がありますが、基本的に穏やかでフレンドリーです。一貫した対応と予測可能な環境により、信頼が促進されます。,ウールまたはアンゴラタイプのロングコート。マットや繊維の摂取を防ぐために、頻繁に、場合によっては毎日のグルーミングが必要です。,中型: 品種によって異なりますが、約 2 ～ 4 kg (4.4 ～ 8.8 ポンド)。,さまざまなサイズと被毛のタイプがあり、多くの人がトイレトレーニングやインタラクティブな充実を楽しんでいます。,不妊手術を受けていない女性の子宮疾患、歯の問題、胃腸疾患が潜在的な懸念事項となります。
rabbit-033,Rabbits,Giant Chinchilla,英国。肉、毛皮、展示、または交配のための選抜育種によって発展しました。,活発で好奇心旺盛で、トンネルや掘削の機会、豊かな食料を楽しむことがよくあります。,レッキスタイプのプラッシュコート。通常は、過度に激しいグルーミングを避け、穏やかな定期的なブラッシングで十分です。,大型: 種類によって異なりますが、約 4 ～ 6.5 kg (8.8 ～ 14.3 ポンド) です。,静かな自然、社会的可能性、そして採餌、穴掘り、ビンク遊びなどの魅力的な行動。,ハエストライク、歯科疾患、胃腸うっ滞、脊椎損傷が発生する可能性があります。注意深い衛生状態と安全な取り扱いが重要です。
rabbit-034,Rabbits,Golden Glavcot,フランスと西ヨーロッパで、さまざまな生産とショーの特性のために地域の家畜ウサギから開発されました。,社交性が高く、優しい性格で人間志向であり、穏やかな扱いと十分な移動スペースを必要とします。,上質または絹のような被毛。定期的なブラッシングは、毛のもつれを防ぎ、被毛を清潔に保つのに役立ちます。,巨人: 種類や個体にもよりますが、多くの場合 6 kg (13 ポンド) 以上です。,適切に管理された屋内住居への適応性と、食事と歯科ケアが適切な場合の強力な交友の可能性。,呼吸器疾患、歯の問題、肥満、生殖障害が発生する可能性があります。ウサギに精通した獣医師による日常的なケアは貴重です。
rabbit-035,Rabbits,Havana Rabbit,米国、展示、毛皮、肉、または交配のための選抜育種によって発展しました。,優しく、好奇心が強く、社交的で、患者の扱いには愛情深くなることがよくあります。交友関係や毎日の運動から得られる恩恵。,短くて密な被毛。飲み込まれた毛を減らすために毎週ブラッシングをし、季節の抜け毛期間にはグルーミングを増やしてください。,小型: 種類によって異なりますが、約 0.8 ～ 1.5 kg (1.8 ～ 3.3 ポンド) です。,フレンドリーな交友関係、静かな家庭的存在、そして適切な運動スペースのある屋内生活への強い適性。,歯の異常成長、胃腸のうっ滞、肥満、呼吸器疾患は重要な健康上の懸念事項です。高繊維食は不可欠です。
rabbit-036,Rabbits,Jersey Wooly,ベルギーと中央ヨーロッパ。ヨーロッパのウサギ飼育の伝統から発展し、後にショー品種として標準化されました。,警戒心が強く好奇心旺盛で、遊び心のある性格。安全な運動スペース、充実感、そして段階的な社会化が必要です。,ミディアムコート。週に数回、特に後肢の周りと換毛期にブラッシングしてください。,小型から中型: 種類によって異なりますが、約 1.2 ～ 2.5 kg (2.6 ～ 5.5 ポンド) です。,特徴的な毛並みや模様、穏やかな行動、そして患者の介護者との絆を築く可能性が高い。,不正咬合、胃腸停滞、飛節の痛み、肥満が発生する可能性があります。定期的に歯と体重をモニタリングすることをお勧めします。
rabbit-037,Rabbits,Lilac Rabbit,ドイツと近隣のヨーロッパで、被毛、大きさ、模様を重視した体系的な育種プログラムを通じて発展しました。,性格は個人差がありますが、基本的に穏やかでフレンドリーです。一貫した対応と予測可能な環境により、信頼が促進されます。,ウールまたはアンゴラタイプのロングコート。マットや繊維の摂取を防ぐために、頻繁に、場合によっては毎日のグルーミングが必要です。,中型: 品種によって異なりますが、約 2 ～ 4 kg (4.4 ～ 8.8 ポンド)。,さまざまなサイズと被毛のタイプがあり、多くの人がトイレトレーニングやインタラクティブな充実を楽しんでいます。,不妊手術を受けていない女性の子宮疾患、歯の問題、胃腸疾患が潜在的な懸念事項となります。
rabbit-038,Rabbits,Meissner Lop,オランダと北欧は、地元のウサギの繁殖と展示の伝統を通じて発展しました。,活発で好奇心旺盛で、トンネルや掘削の機会、豊かな食料を楽しむことがよくあります。,レッキスタイプのプラッシュコート。通常は、過度に激しいグルーミングを避け、穏やかな定期的なブラッシングで十分です。,大型: 種類によって異なりますが、約 4 ～ 6.5 kg (8.8 ～ 14.3 ポンド) です。,静かな自然、社会的可能性、そして採餌、穴掘り、ビンク遊びなどの魅力的な行動。,ハエストライク、歯科疾患、胃腸うっ滞、脊椎損傷が発生する可能性があります。注意深い衛生状態と安全な取り扱いが重要です。
rabbit-039,Rabbits,Mini Lop,英国。肉、毛皮、展示、または交配のための選抜育種によって発展しました。,社交性が高く、優しい性格で人間志向であり、穏やかな扱いと十分な移動スペースを必要とします。,上質または絹のような被毛。定期的なブラッシングは、毛のもつれを防ぎ、被毛を清潔に保つのに役立ちます。,巨人: 種類や個体にもよりますが、多くの場合 6 kg (13 ポンド) 以上です。,適切に管理された屋内住居への適応性と、食事と歯科ケアが適切な場合の強力な交友の可能性。,呼吸器疾患、歯の問題、肥満、生殖障害が発生する可能性があります。ウサギに精通した獣医師による日常的なケアは貴重です。
rabbit-040,Rabbits,Miniature Lion Lop,フランスと西ヨーロッパで、さまざまな生産とショーの特性のために地域の家畜ウサギから開発されました。,優しく、好奇心が強く、社交的で、患者の扱いには愛情深くなることがよくあります。交友関係や毎日の運動から得られる恩恵。,短くて密な被毛。飲み込まれた毛を減らすために毎週ブラッシングをし、季節の抜け毛期間にはグルーミングを増やしてください。,小型: 種類によって異なりますが、約 0.8 ～ 1.5 kg (1.8 ～ 3.3 ポンド) です。,フレンドリーな交友関係、静かな家庭的存在、そして適切な運動スペースのある屋内生活への強い適性。,歯の異常成長、胃腸のうっ滞、肥満、呼吸器疾患は重要な健康上の懸念事項です。高繊維食は不可欠です。
rabbit-041,Rabbits,New Zealand White,米国、展示、毛皮、肉、または交配のための選抜育種によって発展しました。,警戒心が強く好奇心旺盛で、遊び心のある性格。安全な運動スペース、充実感、そして段階的な社会化が必要です。,ミディアムコート。週に数回、特に後肢の周りと換毛期にブラッシングしてください。,小型から中型: 種類によって異なりますが、約 1.2 ～ 2.5 kg (2.6 ～ 5.5 ポンド) です。,特徴的な毛並みや模様、穏やかな行動、そして患者の介護者との絆を築く可能性が高い。,不正咬合、胃腸停滞、飛節の痛み、肥満が発生する可能性があります。定期的に歯と体重をモニタリングすることをお勧めします。
rabbit-042,Rabbits,Palomino Rabbit,ベルギーと中央ヨーロッパ。ヨーロッパのウサギ飼育の伝統から発展し、後にショー品種として標準化されました。,性格は個人差がありますが、基本的に穏やかでフレンドリーです。一貫した対応と予測可能な環境により、信頼が促進されます。,ウールまたはアンゴラタイプのロングコート。マットや繊維の摂取を防ぐために、頻繁に、場合によっては毎日のグルーミングが必要です。,中型: 品種によって異なりますが、約 2 ～ 4 kg (4.4 ～ 8.8 ポンド)。,さまざまなサイズと被毛のタイプがあり、多くの人がトイレトレーニングやインタラクティブな充実を楽しんでいます。,不妊手術を受けていない女性の子宮疾患、歯の問題、胃腸疾患が潜在的な懸念事項となります。
rabbit-043,Rabbits,Polish Rabbit,ドイツと近隣のヨーロッパで、被毛、大きさ、模様を重視した体系的な育種プログラムを通じて発展しました。,活発で好奇心旺盛で、トンネルや掘削の機会、豊かな食料を楽しむことがよくあります。,レッキスタイプのプラッシュコート。通常は、過度に激しいグルーミングを避け、穏やかな定期的なブラッシングで十分です。,大型: 種類によって異なりますが、約 4 ～ 6.5 kg (8.8 ～ 14.3 ポンド) です。,静かな自然、社会的可能性、そして採餌、穴掘り、ビンク遊びなどの魅力的な行動。,ハエストライク、歯科疾患、胃腸うっ滞、脊椎損傷が発生する可能性があります。注意深い衛生状態と安全な取り扱いが重要です。
rabbit-044,Rabbits,Rhinelander,オランダと北欧は、地元のウサギの繁殖と展示の伝統を通じて発展しました。,社交性が高く、優しい性格で人間志向であり、穏やかな扱いと十分な移動スペースを必要とします。,上質または絹のような被毛。定期的なブラッシングは、毛のもつれを防ぎ、被毛を清潔に保つのに役立ちます。,巨人: 種類や個体にもよりますが、多くの場合 6 kg (13 ポンド) 以上です。,適切に管理された屋内住居への適応性と、食事と歯科ケアが適切な場合の強力な交友の可能性。,呼吸器疾患、歯の問題、肥満、生殖障害が発生する可能性があります。ウサギに精通した獣医師による日常的なケアは貴重です。
rabbit-045,Rabbits,Satin Rabbit,英国。肉、毛皮、展示、または交配のための選抜育種によって発展しました。,優しく、好奇心が強く、社交的で、患者の扱いには愛情深くなることがよくあります。交友関係や毎日の運動から得られる恩恵。,短くて密な被毛。飲み込まれた毛を減らすために毎週ブラッシングをし、季節の抜け毛期間にはグルーミングを増やしてください。,小型: 種類によって異なりますが、約 0.8 ～ 1.5 kg (1.8 ～ 3.3 ポンド) です。,フレンドリーな交友関係、静かな家庭的存在、そして適切な運動スペースのある屋内生活への強い適性。,歯の異常成長、胃腸のうっ滞、肥満、呼吸器疾患は重要な健康上の懸念事項です。高繊維食は不可欠です。
rabbit-046,Rabbits,Satin Angora,フランスと西ヨーロッパで、さまざまな生産とショーの特性のために地域の家畜ウサギから開発されました。,警戒心が強く好奇心旺盛で、遊び心のある性格。安全な運動スペース、充実感、そして段階的な社会化が必要です。,ミディアムコート。週に数回、特に後肢の周りと換毛期にブラッシングしてください。,小型から中型: 種類によって異なりますが、約 1.2 ～ 2.5 kg (2.6 ～ 5.5 ポンド) です。,特徴的な毛並みや模様、穏やかな行動、そして患者の介護者との絆を築く可能性が高い。,不正咬合、胃腸停滞、飛節の痛み、肥満が発生する可能性があります。定期的に歯と体重をモニタリングすることをお勧めします。
rabbit-047,Rabbits,Silver Marten,米国、展示、毛皮、肉、または交配のための選抜育種によって発展しました。,性格は個人差がありますが、基本的に穏やかでフレンドリーです。一貫した対応と予測可能な環境により、信頼が促進されます。,ウールまたはアンゴラタイプのロングコート。マットや繊維の摂取を防ぐために、頻繁に、場合によっては毎日のグルーミングが必要です。,中型: 品種によって異なりますが、約 2 ～ 4 kg (4.4 ～ 8.8 ポンド)。,さまざまなサイズと被毛のタイプがあり、多くの人がトイレトレーニングやインタラクティブな充実を楽しんでいます。,不妊手術を受けていない女性の子宮疾患、歯の問題、胃腸疾患が潜在的な懸念事項となります。
rabbit-048,Rabbits,Standard Chinchilla,ベルギーと中央ヨーロッパ。ヨーロッパのウサギ飼育の伝統から発展し、後にショー品種として標準化されました。,活発で好奇心旺盛で、トンネルや掘削の機会、豊かな食料を楽しむことがよくあります。,レッキスタイプのプラッシュコート。通常は、過度に激しいグルーミングを避け、穏やかな定期的なブラッシングで十分です。,大型: 種類によって異なりますが、約 4 ～ 6.5 kg (8.8 ～ 14.3 ポンド) です。,静かな自然、社会的可能性、そして採餌、穴掘り、ビンク遊びなどの魅力的な行動。,ハエストライク、歯科疾患、胃腸うっ滞、脊椎損傷が発生する可能性があります。注意深い衛生状態と安全な取り扱いが重要です。
rabbit-049,Rabbits,Tan Rabbit,ドイツと近隣のヨーロッパで、被毛、大きさ、模様を重視した体系的な育種プログラムを通じて発展しました。,社交性が高く、優しい性格で人間志向であり、穏やかな扱いと十分な移動スペースを必要とします。,上質または絹のような被毛。定期的なブラッシングは、毛のもつれを防ぎ、被毛を清潔に保つのに役立ちます。,巨人: 種類や個体にもよりますが、多くの場合 6 kg (13 ポンド) 以上です。,適切に管理された屋内住居への適応性と、食事と歯科ケアが適切な場合の強力な交友の可能性。,呼吸器疾患、歯の問題、肥満、生殖障害が発生する可能性があります。ウサギに精通した獣医師による日常的なケアは貴重です。
rabbit-050,Rabbits,Thrianta,オランダと北欧は、地元のウサギの繁殖と展示の伝統を通じて発展しました。,優しく、好奇心が強く、社交的で、患者の扱いには愛情深くなることがよくあります。交友関係や毎日の運動から得られる恩恵。,短くて密な被毛。飲み込まれた毛を減らすために毎週ブラッシングをし、季節の抜け毛期間にはグルーミングを増やしてください。,小型: 種類によって異なりますが、約 0.8 ～ 1.5 kg (1.8 ～ 3.3 ポンド) です。,フレンドリーな交友関係、静かな家庭的存在、そして適切な運動スペースのある屋内生活への強い適性。,歯の異常成長、胃腸のうっ滞、肥満、呼吸器疾患は重要な健康上の懸念事項です。高繊維食は不可欠です。
rabbit-051,Rabbits,Thüringer Rabbit,英国。肉、毛皮、展示、または交配のための選抜育種によって発展しました。,警戒心が強く好奇心旺盛で、遊び心のある性格。安全な運動スペース、充実感、そして段階的な社会化が必要です。,ミディアムコート。週に数回、特に後肢の周りと換毛期にブラッシングしてください。,小型から中型: 種類によって異なりますが、約 1.2 ～ 2.5 kg (2.6 ～ 5.5 ポンド) です。,特徴的な毛並みや模様、穏やかな行動、そして患者の介護者との絆を築く可能性が高い。,不正咬合、胃腸停滞、飛節の痛み、肥満が発生する可能性があります。定期的に歯と体重をモニタリングすることをお勧めします。
rabbit-052,Rabbits,Vienna Blue,フランスと西ヨーロッパで、さまざまな生産とショーの特性のために地域の家畜ウサギから開発されました。,性格は個人差がありますが、基本的に穏やかでフレンドリーです。一貫した対応と予測可能な環境により、信頼が促進されます。,ウールまたはアンゴラタイプのロングコート。マットや繊維の摂取を防ぐために、頻繁に、場合によっては毎日のグルーミングが必要です。,中型: 品種によって異なりますが、約 2 ～ 4 kg (4.4 ～ 8.8 ポンド)。,さまざまなサイズと被毛のタイプがあり、多くの人がトイレトレーニングやインタラクティブな充実を楽しんでいます。,不妊手術を受けていない女性の子宮疾患、歯の問題、胃腸疾患が潜在的な懸念事項となります。
rabbit-053,Rabbits,Velveteen Lop,米国、展示、毛皮、肉、または交配のための選抜育種によって発展しました。,活発で好奇心旺盛で、トンネルや掘削の機会、豊かな食料を楽しむことがよくあります。,レッキスタイプのプラッシュコート。通常は、過度に激しいグルーミングを避け、穏やかな定期的なブラッシングで十分です。,大型: 種類によって異なりますが、約 4 ～ 6.5 kg (8.8 ～ 14.3 ポンド) です。,静かな自然、社会的可能性、そして採餌、穴掘り、ビンク遊びなどの魅力的な行動。,ハエストライク、歯科疾患、胃腸うっ滞、脊椎損傷が発生する可能性があります。注意深い衛生状態と安全な取り扱いが重要です。
rabbit-054,Rabbits,White Vienna,ベルギーと中央ヨーロッパ。ヨーロッパのウサギ飼育の伝統から発展し、後にショー品種として標準化されました。,社交性が高く、優しい性格で人間志向であり、穏やかな扱いと十分な移動スペースを必要とします。,上質または絹のような被毛。定期的なブラッシングは、毛のもつれを防ぎ、被毛を清潔に保つのに役立ちます。,巨人: 種類や個体にもよりますが、多くの場合 6 kg (13 ポンド) 以上です。,適切に管理された屋内住居への適応性と、食事と歯科ケアが適切な場合の強力な交友の可能性。,呼吸器疾患、歯の問題、肥満、生殖障害が発生する可能性があります。ウサギに精通した獣医師による日常的なケアは貴重です。
rabbit-055,Rabbits,Wooly Jersey,ドイツと近隣のヨーロッパで、被毛、大きさ、模様を重視した体系的な育種プログラムを通じて発展しました。,優しく、好奇心が強く、社交的で、患者の扱いには愛情深くなることがよくあります。交友関係や毎日の運動から得られる恩恵。,短くて密な被毛。飲み込まれた毛を減らすために毎週ブラッシングをし、季節の抜け毛期間にはグルーミングを増やしてください。,小型: 種類によって異なりますが、約 0.8 ～ 1.5 kg (1.8 ～ 3.3 ポンド) です。,フレンドリーな交友関係、静かな家庭的存在、そして適切な運動スペースのある屋内生活への強い適性。,歯の異常成長、胃腸のうっ滞、肥満、呼吸器疾患は重要な健康上の懸念事項です。高繊維食は不可欠です。
rabbit-056,Rabbits,Argente de Champagne,オランダと北欧は、地元のウサギの飼育と展示の伝統を通じて発展しました。,警戒心が強く好奇心旺盛で、遊び心のある性格。安全な運動スペース、充実感、そして段階的な社会化が必要です。,ミディアムコート。週に数回、特に後肢の周りと換毛期にブラッシングしてください。,小型から中型: 種類によって異なりますが、約 1.2 ～ 2.5 kg (2.6 ～ 5.5 ポンド) です。,特徴的な毛並みや模様、穏やかな行動、そして患者の介護者との絆を築く可能性が高い。,不正咬合、胃腸停滞、飛節の痛み、肥満が発生する可能性があります。定期的に歯と体重をモニタリングすることをお勧めします。
rabbit-057,Rabbits,Belgian Giant,英国。肉、毛皮、展示、または交配のための選抜育種によって発展しました。,性格は個人差がありますが、基本的に穏やかでフレンドリーです。一貫した対応と予測可能な環境により、信頼が促進されます。,ウールまたはアンゴラタイプのロングコート。マットや繊維の摂取を防ぐために、頻繁に、場合によっては毎日のグルーミングが必要です。,中型: 品種によって異なりますが、約 2 ～ 4 kg (4.4 ～ 8.8 ポンド)。,さまざまなサイズと被毛のタイプがあり、多くの人がトイレトレーニングやインタラクティブな充実を楽しんでいます。,不妊手術を受けていない女性の子宮疾患、歯の問題、胃腸疾患が潜在的な懸念事項となります。
rabbit-058,Rabbits,Castor Rex,フランスと西ヨーロッパで、さまざまな生産とショーの特性のために地域の家畜ウサギから開発されました。,活発で好奇心旺盛で、トンネルや掘削の機会、豊かな食料を楽しむことがよくあります。,レッキスタイプのプラッシュコート。通常は、過度に激しいグルーミングを避け、穏やかな定期的なブラッシングで十分です。,大型: 種類によって異なりますが、約 4 ～ 6.5 kg (8.8 ～ 14.3 ポンド) です。,静かな自然、社会的可能性、そして採餌、穴掘り、ビンク遊びなどの魅力的な行動。,ハエストライク、歯科疾患、胃腸うっ滞、脊椎損傷が発生する可能性があります。注意深い衛生状態と安全な取り扱いが重要です。
rabbit-059,Rabbits,Czech Frosty,米国、展示、毛皮、肉、または交配のための選抜育種によって発展しました。,社交性が高く、優しい性格で人間志向であり、穏やかな扱いと十分な移動スペースを必要とします。,上質または絹のような被毛。定期的なブラッシングは、毛のもつれを防ぎ、被毛を清潔に保つのに役立ちます。,巨人: 種類や個体にもよりますが、多くの場合 6 kg (13 ポンド) 以上です。,適切に管理された屋内住居への適応性と、食事と歯科ケアが適切な場合の強力な交友の可能性。,呼吸器疾患、歯の問題、肥満、生殖障害が発生する可能性があります。ウサギに精通した獣医師による日常的なケアは貴重です。
rabbit-060,Rabbits,Deilenaar,ベルギーと中央ヨーロッパ。ヨーロッパのウサギ飼育の伝統から発展し、後にショー品種として標準化されました。,優しく、好奇心が強く、社交的で、患者の扱いには愛情深くなることがよくあります。交友関係や毎日の運動から得られる恩恵。,短くて密な被毛。飲み込まれた毛を減らすために毎週ブラッシングをし、季節の抜け毛期間にはグルーミングを増やしてください。,小型: 種類によって異なりますが、約 0.8 ～ 1.5 kg (1.8 ～ 3.3 ポンド) です。,フレンドリーな交友関係、静かな家庭的存在、そして適切な運動スペースのある屋内生活への強い適性。,歯の異常成長、胃腸のうっ滞、肥満、呼吸器疾患は重要な健康上の懸念事項です。高繊維食は不可欠です。
rabbit-061,Rabbits,German Lop,ドイツと近隣のヨーロッパで、被毛、大きさ、模様を重視した体系的な育種プログラムを通じて発展しました。,警戒心が強く好奇心旺盛で、遊び心のある性格。安全な運動スペース、充実感、そして段階的な社会化が必要です。,ミディアムコート。週に数回、特に後肢の周りと換毛期にブラッシングしてください。,小型から中型: 種類によって異なりますが、約 1.2 ～ 2.5 kg (2.6 ～ 5.5 ポンド) です。,特徴的な毛並みや模様、穏やかな行動、そして患者の介護者との絆を築く可能性が高い。,不正咬合、胃腸停滞、飛節の痛み、肥満が発生する可能性があります。定期的に歯と体重をモニタリングすることをお勧めします。
rabbit-062,Rabbits,Hotot Rabbit,オランダと北欧は、地元のウサギの飼育と展示の伝統を通じて発展しました。,性格は個人差がありますが、基本的に穏やかでフレンドリーです。一貫した対応と予測可能な環境により、信頼が促進されます。,ウールまたはアンゴラタイプのロングコート。マットや繊維の摂取を防ぐために、頻繁に、場合によっては毎日のグルーミングが必要です。,中型: 品種によって異なりますが、約 2 ～ 4 kg (4.4 ～ 8.8 ポンド)。,さまざまなサイズと被毛のタイプがあり、多くの人がトイレトレーニングやインタラクティブな充実を楽しんでいます。,不妊手術を受けていない女性の子宮疾患、歯の問題、胃腸疾患が潜在的な懸念事項となります。
rabbit-063,Rabbits,Marder Rabbit,英国。肉、毛皮、展示、または交配のための選抜育種によって発展しました。,活発で好奇心旺盛で、トンネルや掘削の機会、豊かな食料を楽しむことがよくあります。,レッキスタイプのプラッシュコート。通常は、過度に激しいグルーミングを避け、穏やかな定期的なブラッシングで十分です。,大型: 種類によって異なりますが、約 4 ～ 6.5 kg (8.8 ～ 14.3 ポンド) です。,静かな自然、社会的可能性、そして採餌、穴掘り、ビンク遊びなどの魅力的な行動。,ハエストライク、歯科疾患、胃腸うっ滞、脊椎損傷が発生する可能性があります。注意深い衛生状態と安全な取り扱いが重要です。
rabbit-064,Rabbits,Swiss Fox Rabbit,フランスと西ヨーロッパで、さまざまな生産とショーの特性のために地域の家畜ウサギから開発されました。,社交性が高く、優しい性格で人間志向であり、穏やかな扱いと十分な移動スペースを必要とします。,上質または絹のような被毛。定期的なブラッシングは、毛のもつれを防ぎ、被毛を清潔に保つのに役立ちます。,巨人: 種類や個体にもよりますが、多くの場合 6 kg (13 ポンド) 以上です。,適切に管理された屋内住居への適応性と、食事と歯科ケアが適切な場合の強力な交友の可能性。,呼吸器疾患、歯の問題、肥満、生殖障害が発生する可能性があります。ウサギに精通した獣医師による日常的なケアは貴重です。
